24309, S, 2019-03-23 15:04:13, 2019-03-23 16:00:27, 3374.0, 5394657.9, 5394657.9, 0.001, 168
24317, S, 2019-03-23 17:31:01, 2019-03-23 18:02:05, 1864.0, 4539115.4, 9933773.3, 0.001, 89
24322, S, 2019-03-23 18:59:36, 2019-03-23 19:19:47, 1211.0, 2398552.5, 12332325.7, 0.001, 57
24323, S, 2019-03-23 19:21:29, 2019-03-23 19:42:16, 1247.0, 1791785.0, 14124110.7, 0.002, 57
24324, S, 2019-03-23 19:53:40, 2019-03-23 20:15:29, 1309.0, 2640687.0, 16764797.7, 0.002, 62
24325, S, 2019-03-23 20:17:31, 2019-03-23 20:37:14, 1183.0, 2398268.9, 19163066.6, 0.002, 56
24326, S, 2019-03-23 20:39:35, 2019-03-23 20:59:21, 1186.0, 2692955.2, 21856021.9, 0.003, 57
24327, S, 2019-03-23 21:01:59, 2019-03-23 21:23:05, 1266.0, 2916072.0, 24772093.9, 0.003, 60
24328, S, 2019-03-23 21:25:58, 2019-03-23 21:46:38, 1240.0, 2721006.2, 27493100.1, 0.003, 59
24329, S, 2019-03-23 21:53:43, 2019-03-23 22:13:22, 1179.0, 2840912.0, 30334012.1, 0.004, 56
24331, S, 2019-03-23 22:20:46, 2019-03-23 22:42:14, 1288.0, 3137544.0, 33471556.1, 0.004, 62
24332, S, 2019-03-23 22:43:43, 2019-03-23 23:03:27, 1184.0, 2677111.9, 36148668.0, 0.004, 57
24333, S, 2019-03-23 23:05:40, 2019-03-23 23:27:20, 1300.0, 3166006.3, 39314674.3, 0.005, 61
24335, S, 2019-03-23 23:34:21, 2019-03-24 02:19:44, 9923.0, 35196570.4, 74511244.7, 0.009, 497
24336, S, 2019-03-24 02:20:38, 2019-03-24 05:07:47, 10029.0, 34779802.4, 109291047.1, 0.013, 497
24337, S, 2019-03-24 05:08:34, 2019-03-24 07:51:05, 9751.0, 37740094.2, 147031141.3, 0.017, 497
24338, S, 2019-03-24 07:51:50, 2019-03-24 08:52:06, 3616.0, 13536216.3, 160567357.6, 0.019, 184
24339, S, 2019-03-24 08:54:46, 2019-03-24 11:17:54, 8588.0, 24419451.0, 184986808.6, 0.021, 422
24340, S, 2019-03-24 11:20:27, 2019-03-24 14:08:37, 10090.0, 31925136.5, 216911945.1, 0.025, 497
24341, S, 2019-03-24 14:09:38, 2019-03-24 16:57:29, 10071.0, 29978339.0, 246890284.1, 0.029, 497
24342, S, 2019-03-24 16:58:27, 2019-03-24 17:37:39, 2352.0, 7256952.5, 254147236.6, 0.029, 117
24343, S, 2019-03-24 17:51:50, 2019-03-24 19:11:14, 4764.0, 14994797.4, 269142034.1, 0.031, 238
24344, S, 2019-03-24 19:12:40, 2019-03-24 19:52:58, 2418.0, 7791907.5, 276933941.6, 0.032, 119
24345, S, 2019-03-24 19:53:59, 2019-03-24 22:49:17, 10518.0, 24703223.7, 301637165.3, 0.035, 497
24346, S, 2019-03-24 22:50:13, 2019-03-25 01:40:41, 10228.0, 30629120.9, 332266286.2, 0.038, 497
24347, S, 2019-03-25 01:41:56, 2019-03-25 04:25:30, 9814.0, 37985877.8, 370252164.0, 0.043, 497
24348, S, 2019-03-25 04:26:13, 2019-03-25 07:09:18, 9785.0, 37359605.8, 407611769.8, 0.047, 497
24349, S, 2019-03-25 07:09:59, 2019-03-25 09:59:40, 10181.0, 32857649.4, 440469419.2, 0.051, 497
24350, S, 2019-03-25 10:00:42, 2019-03-25 12:47:54, 10032.0, 32337986.3, 472807405.4, 0.055, 497
24351, S, 2019-03-25 12:48:44, 2019-03-25 13:05:57, 1033.0, 3097572.4, 475904977.8, 0.055, 52
24353, S, 2019-03-25 13:21:53, 2019-03-25 16:09:35, 10062.0, 32026630.9, 507931608.8, 0.059, 497
24355, S, 2019-03-25 16:28:03, 2019-03-25 17:27:51, 3588.0, 5159090.2, 513090699.0, 0.059, 196
24357, S, 2019-03-25 17:38:33, 2019-03-25 18:13:32, 2099.0, 3201974.8, 516292673.7, 0.060, 117
24358, S, 2019-03-25 18:15:48, 2019-03-25 18:45:58, 1810.0, 2644826.8, 518937500.6, 0.060, 100
24359, S, 2019-03-25 18:48:15, 2019-03-25 19:23:49, 2134.0, 2493602.5, 521431103.1, 0.060, 115
24360, S, 2019-03-25 19:25:41, 2019-03-25 19:57:04, 1883.0, 2812539.4, 524243642.4, 0.061, 135
24361, S, 2019-03-25 19:58:58, 2019-03-25 20:30:45, 1907.0, 1992197.5, 526235840.0, 0.061, 102
24362, S, 2019-03-25 20:32:37, 2019-03-25 20:49:20, 1003.0, 1036657.4, 527272497.4, 0.061, 54
24364, S, 2019-03-25 21:04:48, 2019-03-25 23:48:18, 9810.0, 32306022.9, 559578520.3, 0.065, 497
24365, S, 2019-03-25 23:49:11, 2019-03-26 02:37:07, 10076.0, 31619466.6, 591197986.9, 0.068, 497
24366, S, 2019-03-26 02:37:59, 2019-03-26 03:08:51, 1852.0, 6330767.1, 597528753.9, 0.069, 94
24367, S, 2019-03-26 03:17:30, 2019-03-26 06:02:01, 9871.0, 29833475.1, 627362229.1, 0.073, 497
24368, S, 2019-03-26 06:02:55, 2019-03-26 06:42:05, 2350.0, 7871767.6, 635233996.7, 0.074, 119
24371, S, 2019-03-26 07:22:01, 2019-03-26 10:07:44, 9943.0, 30635327.4, 665869324.1, 0.077, 497
24372, S, 2019-03-26 10:08:47, 2019-03-26 11:44:27, 5740.0, 17652593.7, 683521917.8, 0.079, 289
24374, S, 2019-03-26 16:21:46, 2019-03-26 17:13:08, 3082.0, 7971285.7, 691493203.5, 0.080, 146
24376, P, 2019-03-26 17:18:25, 2019-03-26 20:01:13, 9768.0, 34489991.7, 725983195.2, 0.084, 497
24377, P, 2019-03-26 20:02:04, 2019-03-26 22:40:37, 9513.0, 37870436.6, 763853631.8, 0.088, 497
24378, P, 2019-03-26 22:41:35, 2019-03-26 23:04:56, 1401.0, 4481872.9, 768335504.6, 0.089, 67
24383, P, 2019-03-27 00:40:47, 2019-03-27 00:58:09, 1042.0, 3560323.8, 771895828.4, 0.089, 52
24385, P, 2019-03-27 01:07:17, 2019-03-27 01:27:32, 1215.0, 4405725.3, 776301553.7, 0.090, 63
24386, P, 2019-03-27 01:37:11, 2019-03-27 04:17:33, 9622.0, 34761393.6, 811062947.3, 0.094, 497
24387, P, 2019-03-27 04:18:30, 2019-03-27 06:55:05, 9395.0, 40939852.9, 852002800.2, 0.099, 497
24388, P, 2019-03-27 06:56:04, 2019-03-27 07:36:09, 2405.0, 10490866.4, 862493666.7, 0.100, 128
24389, P, 2019-03-27 07:59:47, 2019-03-27 10:38:20, 9513.0, 35039489.6, 897533156.3, 0.104, 497
24390, P, 2019-03-27 10:39:15, 2019-03-27 11:16:29, 2234.0, 8028258.8, 905561415.1, 0.105, 116
24391, P, 2019-03-27 12:40:51, 2019-03-27 13:00:44, 1193.0, 4395422.4, 909956837.4, 0.105, 62
24392, P, 2019-03-27 13:02:22, 2019-03-27 13:21:18, 1136.0, 3965727.5, 913922564.9, 0.106, 58
24393, P, 2019-03-27 13:24:18, 2019-03-27 13:58:46, 2068.0, 11544869.2, 925467434.2, 0.107, 177
24395, P, 2019-03-27 14:15:50, 2019-03-27 15:08:05, 3135.0, 16908022.0, 942375456.2, 0.109, 259
24397, P, 2019-03-27 15:27:50, 2019-03-27 17:02:04, 5654.0, 34116514.0, 976491970.2, 0.113, 497
24436, P, 2019-03-28 10:10:48, 2019-03-28 11:44:32, 5624.0, 31478435.6, 1007970405.8, 0.117, 497
24437, P, 2019-03-28 11:45:44, 2019-03-28 13:20:49, 5705.0, 32174882.5, 1040145288.3, 0.120, 497
24438, P, 2019-03-28 13:22:04, 2019-03-28 15:19:22, 7038.0, 32646159.4, 1072791447.8, 0.124, 497
24439, P, 2019-03-28 15:20:23, 2019-03-28 16:54:34, 5651.0, 30626942.3, 1103418390.0, 0.128, 497
24440, P, 2019-03-28 16:55:35, 2019-03-28 18:29:10, 5615.0, 33661378.8, 1137079768.9, 0.132, 497
24441, P, 2019-03-28 18:30:14, 2019-03-28 19:35:00, 3886.0, 23126681.8, 1160206450.7, 0.134, 346
24442, P, 2019-03-28 19:47:16, 2019-03-28 20:26:47, 2371.0, 12578744.2, 1172785194.8, 0.136, 204
24443, P, 2019-03-28 20:27:40, 2019-03-28 20:43:04, 924.0, 2161600.0, 1174946794.8, 0.136, 75
24444, P, 2019-03-28 20:56:35, 2019-03-28 21:21:47, 1512.0, 8776101.6, 1183722896.4, 0.137, 134
24445, P, 2019-03-28 21:35:18, 2019-03-28 22:39:44, 3866.0, 22946780.7, 1206669677.2, 0.140, 344
24446, P, 2019-03-28 22:54:44, 2019-03-28 23:09:53, 909.0, 5318311.3, 1211987988.4, 0.140, 81
24447, P, 2019-03-28 23:17:14, 2019-03-29 00:41:08, 5034.0, 36440876.9, 1248428865.3, 0.145, 497
24448, P, 2019-03-29 00:41:50, 2019-03-29 02:11:00, 5350.0, 33643250.8, 1282072116.1, 0.148, 497
24449, P, 2019-03-29 02:11:44, 2019-03-29 03:48:53, 5829.0, 31929578.6, 1314001694.7, 0.152, 497
24450, P, 2019-03-29 03:49:38, 2019-03-29 04:52:06, 3748.0, 10386384.4, 1324388079.1, 0.153, 292
24453, P, 2019-03-29 05:35:08, 2019-03-29 07:08:41, 5613.0, 32356004.0, 1356744083.1, 0.157, 497
24456, P, 2019-03-29 07:39:05, 2019-03-29 08:09:45, 1840.0, 11145873.8, 1367889956.8, 0.158, 165
24457, P, 2019-03-29 08:11:10, 2019-03-29 09:44:10, 5580.0, 32558589.3, 1400448546.1, 0.162, 497
24458, P, 2019-03-29 09:44:58, 2019-03-29 10:21:32, 2194.0, 12524352.3, 1412972898.5, 0.164, 194
24461, P, 2019-03-29 10:35:50, 2019-03-29 11:28:09, 3139.0, 20004842.2, 1432977740.6, 0.166, 294
24462, P, 2019-03-29 11:38:25, 2019-03-29 12:01:19, 1374.0, 7352651.8, 1440330392.5, 0.167, 119
24525, P, 2019-04-05 19:33:42, 2019-04-05 21:17:07, 6205.0, 27169206.6, 1467499599.1, 0.170, 497
24526, P, 2019-04-05 21:17:58, 2019-04-05 22:55:58, 5880.0, 26938353.6, 1494437952.7, 0.173, 497
24527, P, 2019-04-05 22:56:49, 2019-04-06 00:19:28, 4959.0, 26090124.4, 1520528077.1, 0.176, 430
24528, P, 2019-04-06 00:38:33, 2019-04-06 01:57:13, 4720.0, 5706846.4, 1526234923.5, 0.177, 386
24536, P, 2019-04-06 04:48:03, 2019-04-06 06:09:14, 4871.0, 4801771.9, 1531036695.4, 0.177, 223
24575, P, 2019-04-08 15:55:45, 2019-04-08 16:28:28, 1963.0, 9759115.4, 1540795810.8, 0.178, 165
24576, P, 2019-04-08 16:29:23, 2019-04-08 17:25:43, 3380.0, 19517469.9, 1560313280.6, 0.181, 290
24577, P, 2019-04-08 17:33:13, 2019-04-08 19:11:20, 5887.0, 33002876.3, 1593316156.9, 0.185, 497
24578, P, 2019-04-08 19:12:01, 2019-04-08 20:49:29, 5848.0, 32461825.3, 1625777982.2, 0.188, 497
24579, P, 2019-04-08 20:50:14, 2019-04-08 21:32:13, 2519.0, 14149256.8, 1639927239.0, 0.190, 217
24580, P, 2019-04-08 21:52:37, 2019-04-08 23:21:05, 5308.0, 35029927.6, 1674957166.6, 0.194, 497
24581, P, 2019-04-08 23:21:52, 2019-04-09 00:50:47, 5335.0, 34586638.6, 1709543805.2, 0.198, 497
24582, P, 2019-04-09 00:51:28, 2019-04-09 02:19:31, 5283.0, 36117154.5, 1745660959.7, 0.202, 497
24583, P, 2019-04-09 02:20:14, 2019-04-09 03:48:12, 5278.0, 36124871.0, 1781785830.7, 0.206, 497
24584, P, 2019-04-09 03:48:50, 2019-04-09 05:17:04, 5294.0, 34655835.0, 1816441665.8, 0.210, 497
24587, P, 2019-04-09 05:38:52, 2019-04-09 07:06:32, 5260.0, 36054904.6, 1852496570.3, 0.215, 497
24588, P, 2019-04-09 07:07:26, 2019-04-09 08:41:06, 5620.0, 32672722.7, 1885169293.0, 0.218, 497
24589, P, 2019-04-09 08:41:50, 2019-04-09 10:18:31, 5801.0, 32808608.5, 1917977901.5, 0.222, 497
24590, P, 2019-04-09 10:19:20, 2019-04-09 11:56:39, 5839.0, 32882272.5, 1950860174.0, 0.226, 497
24591, P, 2019-04-09 11:57:30, 2019-04-09 12:45:26, 2876.0, 15773512.9, 1966633686.9, 0.228, 245
24592, P, 2019-04-09 12:50:39, 2019-04-09 13:41:47, 3068.0, 16850974.1, 1983484660.9, 0.230, 263
24594, P, 2019-04-09 13:53:48, 2019-04-09 15:32:33, 5925.0, 32233183.5, 2015717844.4, 0.233, 497
24595, P, 2019-04-09 15:33:22, 2019-04-09 15:46:06, 764.0, 3560801.5, 2019278646.0, 0.234, 64
24597, P, 2019-04-09 15:56:09, 2019-04-09 17:31:49, 5740.0, 22753008.9, 2042031654.9, 0.236, 463
24598, P, 2019-04-09 17:52:39, 2019-04-09 19:04:29, 4310.0, 23092266.7, 2065123921.6, 0.239, 364
24600, P, 2019-04-09 19:17:58, 2019-04-09 19:30:09, 731.0, 3703224.6, 2068827146.1, 0.240, 62
24602, P, 2019-04-09 19:44:35, 2019-04-09 20:15:37, 1862.0, 10000827.2, 2078827973.3, 0.241, 157
24604, P, 2019-04-09 20:27:21, 2019-04-09 22:00:31, 5590.0, 32128953.7, 2110956927.1, 0.244, 497
24605, P, 2019-04-09 22:01:15, 2019-04-09 22:34:35, 2000.0, 13606458.6, 2124563385.7, 0.246, 189
24608, P, 2019-04-09 22:44:34, 2019-04-10 00:13:23, 5329.0, 35524428.5, 2160087814.2, 0.250, 497
24609, P, 2019-04-10 00:14:09, 2019-04-10 01:01:08, 2819.0, 18680557.1, 2178768371.3, 0.252, 266
24611, P, 2019-04-10 01:13:08, 2019-04-10 02:34:05, 4857.0, 32568141.8, 2211336513.1, 0.256, 455
24613, P, 2019-04-10 02:49:24, 2019-04-10 04:17:54, 5310.0, 35462527.2, 2246799040.3, 0.260, 497
24614, P, 2019-04-10 04:18:43, 2019-04-10 05:23:11, 3868.0, 26059097.5, 2272858137.8, 0.263, 365
24616, P, 2019-04-10 05:36:37, 2019-04-10 07:04:57, 5300.0, 34586000.3, 2307444138.0, 0.267, 497
24617, P, 2019-04-10 07:05:43, 2019-04-10 07:17:04, 681.0, 4680648.3, 2312124786.4, 0.268, 65
24619, P, 2019-04-10 07:30:53, 2019-04-10 09:00:09, 5356.0, 35130873.8, 2347255660.2, 0.272, 497
24620, P, 2019-04-10 09:00:57, 2019-04-10 10:00:07, 3550.0, 23912974.5, 2371168634.7, 0.275, 329
24621, P, 2019-04-10 10:12:34, 2019-04-10 11:46:48, 5654.0, 29927610.3, 2401096245.0, 0.278, 497
24622, P, 2019-04-10 11:47:38, 2019-04-10 12:16:03, 1705.0, 11851878.3, 2412948123.2, 0.279, 160
24625, P, 2019-04-10 12:32:47, 2019-04-10 14:00:55, 5288.0, 27351267.4, 2440299390.6, 0.283, 439
24630, P, 2019-04-10 14:39:10, 2019-04-10 15:38:04, 3534.0, 18872175.8, 2459171566.4, 0.285, 303
24631, P, 2019-04-10 15:50:54, 2019-04-10 17:27:06, 5772.0, 33732178.2, 2492903744.6, 0.289, 497
24632, P, 2019-04-10 17:27:57, 2019-04-10 19:00:31, 5554.0, 35714396.3, 2528618141.0, 0.293, 497
24633, P, 2019-04-10 19:01:21, 2019-04-10 20:37:22, 5761.0, 34529034.0, 2563147175.0, 0.297, 497
24636, P, 2019-04-10 20:52:49, 2019-04-10 22:28:49, 5760.0, 33076699.7, 2596223874.7, 0.301, 497
24637, P, 2019-04-10 22:29:29, 2019-04-10 22:46:29, 1020.0, 861402.9, 2597085277.6, 0.301, 69
24684, P, 2019-04-11 05:53:21, 2019-04-11 06:13:19, 1198.0, 7083186.0, 2604168463.6, 0.302, 102
24686, P, 2019-04-11 07:20:25, 2019-04-11 08:12:19, 3114.0, 22025129.2, 2626193592.7, 0.304, 299
24688, P, 2019-04-11 08:18:43, 2019-04-11 09:14:10, 3327.0, 23723475.8, 2649917068.5, 0.307, 318
24689, P, 2019-04-11 09:27:05, 2019-04-11 10:56:54, 5389.0, 36303398.8, 2686220467.3, 0.311, 497
24690, P, 2019-04-11 10:57:41, 2019-04-11 12:02:43, 3902.0, 27900363.9, 2714120831.2, 0.314, 373
24691, P, 2019-04-11 12:14:34, 2019-04-11 12:39:21, 1487.0, 10746635.9, 2724867467.1, 0.316, 143
24695, P, 2019-04-11 13:00:03, 2019-04-11 13:17:39, 1056.0, 7535439.1, 2732402906.1, 0.316, 101
24697, P, 2019-04-11 13:42:00, 2019-04-11 13:53:08, 668.0, 4900021.7, 2737302927.8, 0.317, 72
24698, P, 2019-04-11 13:54:51, 2019-04-11 14:06:21, 690.0, 5010176.4, 2742313104.2, 0.318, 77
24699, P, 2019-04-11 14:08:12, 2019-04-11 14:19:27, 675.0, 3840120.0, 2746153224.2, 0.318, 72
24703, P, 2019-04-11 14:48:24, 2019-04-11 15:49:26, 3662.0, 23789428.7, 2769942652.9, 0.321, 370
24704, P, 2019-04-11 15:51:44, 2019-04-11 16:47:04, 3320.0, 22670133.5, 2792612786.5, 0.323, 341
24723, P, 2019-04-12 10:38:47, 2019-04-12 11:39:27, 3640.0, 7462248.8, 2800075035.2, 0.324, 315
24724, P, 2019-04-12 11:40:42, 2019-04-12 13:04:18, 5016.0, 30285689.0, 2830360724.2, 0.328, 497
24725, P, 2019-04-12 13:05:14, 2019-04-12 14:30:54, 5140.0, 30604455.3, 2860965179.5, 0.331, 497
24726, P, 2019-04-12 14:31:58, 2019-04-12 14:44:17, 739.0, 4344042.0, 2865309221.5, 0.332, 71
24727, P, 2019-04-12 14:46:33, 2019-04-12 15:49:21, 3768.0, 24720583.3, 2890029804.8, 0.335, 371
24729, P, 2019-04-12 16:38:18, 2019-04-12 17:10:27, 1929.0, 9996042.8, 2900025847.6, 0.336, 166
24732, P, 2019-04-12 17:32:30, 2019-04-12 18:58:50, 5180.0, 29983311.3, 2930009158.9, 0.339, 494
24733, P, 2019-04-12 18:59:49, 2019-04-12 19:21:55, 1326.0, 7632816.7, 2937641975.6, 0.340, 127
24734, P, 2019-04-12 19:33:04, 2019-04-12 20:58:17, 5113.0, 30170676.6, 2967812652.2, 0.344, 494
24735, P, 2019-04-12 20:59:15, 2019-04-12 22:23:50, 5075.0, 32034838.6, 2999847490.8, 0.347, 494
24736, P, 2019-04-12 22:24:52, 2019-04-12 23:46:33, 4901.0, 32128359.5, 3031975850.3, 0.351, 493
24737, P, 2019-04-12 23:47:37, 2019-04-13 00:56:51, 4154.0, 25096644.2, 3057072494.5, 0.354, 400
24739, P, 2019-04-13 01:17:49, 2019-04-13 01:35:04, 1035.0, 5595459.9, 3062667954.4, 0.355, 98
24742, P, 2019-04-13 02:55:53, 2019-04-13 04:23:01, 5228.0, 28706840.1, 3091374794.5, 0.358, 494
24743, P, 2019-04-13 04:24:00, 2019-04-13 04:35:10, 670.0, 3889762.5, 3095264557.0, 0.358, 65
24744, P, 2019-04-13 04:44:46, 2019-04-13 06:09:01, 5055.0, 31746884.2, 3127011441.2, 0.362, 494
24746, P, 2019-04-13 06:36:01, 2019-04-13 07:54:14, 4693.0, 33075083.4, 3160086524.6, 0.366, 494
24747, P, 2019-04-13 07:55:21, 2019-04-13 09:15:47, 4826.0, 32721704.8, 3192808229.4, 0.370, 493
24748, P, 2019-04-13 09:16:50, 2019-04-13 09:46:11, 1761.0, 12446615.0, 3205254844.4, 0.371, 185
24749, P, 2019-04-13 09:55:47, 2019-04-13 11:15:11, 4764.0, 34300422.2, 3239555266.6, 0.375, 493
24750, P, 2019-04-13 11:16:06, 2019-04-13 12:45:45, 5379.0, 31886305.0, 3271441571.6, 0.379, 495
24751, P, 2019-04-13 12:46:50, 2019-04-13 14:09:45, 4975.0, 28975439.3, 3300417010.8, 0.382, 474
24754, P, 2019-04-13 14:33:32, 2019-04-13 15:35:39, 3727.0, 23555755.2, 3323972766.0, 0.385, 371
24755, P, 2019-04-13 15:51:15, 2019-04-13 16:57:12, 3957.0, 20017016.7, 3343989782.7, 0.387, 358
24758, P, 2019-04-13 17:17:59, 2019-04-13 18:21:15, 3796.0, 23562792.7, 3367552575.4, 0.390, 369
24759, P, 2019-04-13 18:28:51, 2019-04-13 19:47:34, 4723.0, 33837815.9, 3401390391.3, 0.394, 493
24760, P, 2019-04-13 19:48:46, 2019-04-13 21:11:21, 4955.0, 32265936.5, 3433656327.8, 0.398, 493
24762, P, 2019-04-13 21:19:47, 2019-04-13 21:36:15, 988.0, 6494580.0, 3440150907.8, 0.398, 95
24766, P, 2019-04-13 22:17:16, 2019-04-13 22:32:14, 898.0, 5920778.8, 3446071686.6, 0.399, 87
24767, P, 2019-04-13 22:43:11, 2019-04-13 22:57:39, 868.0, 5474575.4, 3451546261.9, 0.400, 79
24769, P, 2019-04-13 23:18:35, 2019-04-14 00:48:19, 5384.0, 39088600.1, 3490634862.0, 0.404, 496
24770, P, 2019-04-14 00:49:42, 2019-04-14 01:07:11, 1049.0, 7418888.1, 3498053750.1, 0.405, 95
24772, P, 2019-04-14 01:13:58, 2019-04-14 02:42:45, 5327.0, 38791435.1, 3536845185.2, 0.410, 496
24773, P, 2019-04-14 02:43:30, 2019-04-14 03:28:51, 2721.0, 19897756.3, 3556742941.5, 0.412, 254
24774, P, 2019-04-14 03:38:19, 2019-04-14 05:07:42, 5363.0, 37596296.9, 3594339238.4, 0.416, 496
24775, P, 2019-04-14 05:08:31, 2019-04-14 05:39:30, 1859.0, 10042762.1, 3604382000.5, 0.417, 145
24778, P, 2019-04-14 06:41:14, 2019-04-14 08:10:34, 5360.0, 37517481.3, 3641899481.9, 0.422, 496
24779, P, 2019-04-14 08:11:19, 2019-04-14 09:49:07, 5868.0, 34785927.8, 3676685409.7, 0.426, 496
24780, P, 2019-04-14 09:49:46, 2019-04-14 10:14:18, 1472.0, 8339332.9, 3685024742.5, 0.427, 121
24782, P, 2019-04-14 10:26:08, 2019-04-14 12:08:15, 6127.0, 33631649.3, 3718656391.8, 0.431, 496
24783, P, 2019-04-14 12:08:48, 2019-04-14 13:51:08, 6140.0, 33372736.5, 3752029128.3, 0.435, 496
24784, P, 2019-04-14 13:51:55, 2019-04-14 14:19:43, 1668.0, 11297174.3, 3763326302.6, 0.436, 151
24785, P, 2019-04-14 14:30:10, 2019-04-14 16:09:28, 5958.0, 33327352.8, 3796653655.4, 0.440, 496
24786, P, 2019-04-14 16:10:13, 2019-04-14 16:35:57, 1544.0, 8969927.1, 3805623582.5, 0.441, 128
24787, P, 2019-04-14 16:38:31, 2019-04-14 18:09:20, 5449.0, 38759273.2, 3844382855.7, 0.445, 496
24788, P, 2019-04-14 18:10:00, 2019-04-14 18:19:38, 578.0, 4185594.0, 3848568449.7, 0.446, 54
24790, P, 2019-04-14 18:37:51, 2019-04-14 19:19:36, 2505.0, 17893793.8, 3866462243.5, 0.448, 231
24792, P, 2019-04-14 19:29:37, 2019-04-14 20:12:47, 2590.0, 19062556.1, 3885524799.6, 0.450, 242
24795, P, 2019-04-14 20:24:47, 2019-04-14 22:02:47, 5880.0, 36848378.2, 3922373177.8, 0.454, 496
24796, P, 2019-04-14 22:03:25, 2019-04-14 23:31:58, 5313.0, 38888192.6, 3961261370.3, 0.459, 496
24797, P, 2019-04-14 23:32:47, 2019-04-15 00:31:51, 3544.0, 23981735.7, 3985243106.0, 0.462, 316
24799, P, 2019-04-15 01:22:30, 2019-04-15 02:51:35, 5345.0, 38294438.6, 4023537544.6, 0.466, 496
24800, P, 2019-04-15 02:52:31, 2019-04-15 03:37:38, 2707.0, 19123609.2, 4042661153.8, 0.468, 252
24801, P, 2019-04-15 03:48:18, 2019-04-15 05:22:16, 5638.0, 36641019.3, 4079302173.1, 0.472, 496
24802, P, 2019-04-15 05:22:56, 2019-04-15 06:53:01, 5405.0, 37337382.9, 4116639556.0, 0.477, 496
24803, P, 2019-04-15 06:53:47, 2019-04-15 08:30:46, 5819.0, 37089838.8, 4153729394.8, 0.481, 496
24821, P, 2019-04-15 17:52:42, 2019-04-15 18:25:41, 1979.0, 9452467.1, 4163181861.9, 0.482, 158
24822, P, 2019-04-15 18:26:53, 2019-04-15 18:45:57, 1144.0, 6585438.3, 4169767300.2, 0.483, 96
24824, P, 2019-04-15 19:11:55, 2019-04-15 19:29:22, 1047.0, 7005568.0, 4176772868.2, 0.484, 96
24826, P, 2019-04-15 19:48:46, 2019-04-15 20:07:11, 1105.0, 7322946.4, 4184095814.7, 0.485, 102
24828, P, 2019-04-15 20:36:05, 2019-04-15 20:55:13, 1148.0, 945286.3, 4185041100.9, 0.485, 116
24831, P, 2019-04-15 21:32:20, 2019-04-15 21:46:19, 839.0, 6184164.0, 4191225264.9, 0.485, 78
24832, P, 2019-04-15 21:49:49, 2019-04-15 23:19:49, 5400.0, 36511644.0, 4227736908.9, 0.490, 496
24833, P, 2019-04-15 23:20:27, 2019-04-16 00:15:05, 3278.0, 23661635.8, 4251398544.7, 0.492, 304
24835, P, 2019-04-16 00:33:39, 2019-04-16 02:02:58, 5359.0, 38520676.6, 4289919221.3, 0.497, 496
24840, P, 2019-04-16 02:18:46, 2019-04-16 02:40:11, 1285.0, 9492031.5, 4299411252.8, 0.498, 120
24846, P, 2019-04-16 08:17:14, 2019-04-16 09:56:21, 5947.0, 34691326.6, 4334102579.4, 0.502, 495
24847, P, 2019-04-16 09:57:14, 2019-04-16 10:39:03, 2509.0, 14143367.0, 4348245946.4, 0.504, 206
24849, P, 2019-04-16 11:42:39, 2019-04-16 13:11:09, 5310.0, 31487374.3, 4379733320.7, 0.507, 495
24850, P, 2019-04-16 13:11:54, 2019-04-16 13:45:19, 2005.0, 11328969.4, 4391062290.0, 0.509, 180
24851, P, 2019-04-16 13:56:28, 2019-04-16 14:52:08, 3340.0, 19036276.3, 4410098566.4, 0.511, 308
24852, P, 2019-04-16 15:02:21, 2019-04-16 15:34:05, 1904.0, 11895252.7, 4421993819.1, 0.512, 183
24853, P, 2019-04-16 15:47:34, 2019-04-16 17:15:12, 5258.0, 31895829.6, 4453889648.7, 0.516, 495
24854, P, 2019-04-16 17:16:04, 2019-04-16 18:39:48, 5024.0, 33233435.6, 4487123084.3, 0.520, 495
24855, P, 2019-04-16 18:40:36, 2019-04-16 20:00:47, 4811.0, 34285265.7, 4521408350.0, 0.524, 495
24856, P, 2019-04-16 20:01:35, 2019-04-16 21:28:58, 5243.0, 32280876.4, 4553689226.4, 0.527, 495
24857, P, 2019-04-16 21:29:50, 2019-04-16 22:57:42, 5272.0, 31569430.7, 4585258657.1, 0.531, 495
24858, P, 2019-04-16 22:58:25, 2019-04-17 00:24:33, 5168.0, 31511390.6, 4616770047.7, 0.535, 495
24859, P, 2019-04-17 00:25:15, 2019-04-17 01:03:36, 2301.0, 13490131.6, 4630260179.3, 0.536, 218
24860, P, 2019-04-17 01:30:06, 2019-04-17 02:56:33, 5187.0, 31857126.2, 4662117305.4, 0.540, 496
24863, P, 2019-04-17 03:26:18, 2019-04-17 04:29:29, 3791.0, 27536170.1, 4689653475.5, 0.543, 393
24865, P, 2019-04-17 04:41:50, 2019-04-17 06:01:28, 4778.0, 34811243.5, 4724464719.0, 0.547, 496
24866, P, 2019-04-17 06:02:25, 2019-04-17 06:11:15, 530.0, 3782281.9, 4728247000.9, 0.548, 55
24867, P, 2019-04-17 06:22:17, 2019-04-17 07:41:24, 4747.0, 35402310.0, 4763649310.9, 0.552, 496
24868, P, 2019-04-17 07:42:05, 2019-04-17 08:15:32, 2007.0, 14964565.0, 4778613875.9, 0.553, 210
24871, P, 2019-04-17 08:45:50, 2019-04-17 10:05:18, 4768.0, 35217840.5, 4813831716.4, 0.557, 496
24872, P, 2019-04-17 10:06:09, 2019-04-17 11:27:58, 4909.0, 35532261.1, 4849363977.5, 0.562, 496
24873, P, 2019-04-17 11:28:44, 2019-04-17 12:47:55, 4751.0, 35719007.0, 4885082984.5, 0.566, 495
24874, P, 2019-04-17 12:48:46, 2019-04-17 14:10:52, 4926.0, 35259354.2, 4920342338.7, 0.570, 495
24875, P, 2019-04-17 14:11:43, 2019-04-17 14:23:55, 732.0, 4930745.8, 4925273084.5, 0.570, 69
24877, P, 2019-04-17 14:35:15, 2019-04-17 15:37:31, 3736.0, 24037933.6, 4949311018.0, 0.573, 348
24878, P, 2019-04-17 15:41:28, 2019-04-17 16:20:08, 2320.0, 15493059.3, 4964804077.4, 0.575, 222
24879, P, 2019-04-17 16:32:50, 2019-04-17 17:54:43, 4913.0, 34542799.5, 4999346876.9, 0.579, 495
24880, P, 2019-04-17 17:55:34, 2019-04-17 19:15:55, 4821.0, 35196587.9, 5034543464.7, 0.583, 495
24881, P, 2019-04-17 19:16:45, 2019-04-17 20:31:54, 4509.0, 26907867.0, 5061451331.7, 0.586, 424
24883, P, 2019-04-17 20:55:36, 2019-04-17 21:08:31, 775.0, 4633998.9, 5066085330.7, 0.587, 73
24884, P, 2019-04-17 21:18:33, 2019-04-17 22:40:38, 4925.0, 33721340.3, 5099806671.0, 0.591, 491
24885, P, 2019-04-17 22:56:13, 2019-04-18 00:18:22, 4929.0, 33534676.3, 5133341347.3, 0.594, 495
24886, P, 2019-04-18 00:19:14, 2019-04-18 01:44:24, 5110.0, 32454953.4, 5165796300.7, 0.598, 495
24887, P, 2019-04-18 01:45:13, 2019-04-18 03:13:47, 5314.0, 29068648.3, 5194864949.0, 0.602, 495
24889, P, 2019-04-18 03:22:57, 2019-04-18 04:51:33, 5316.0, 30330713.3, 5225195662.3, 0.605, 495
24890, P, 2019-04-18 04:52:28, 2019-04-18 06:21:04, 5316.0, 31265153.8, 5256460816.1, 0.609, 495
24891, P, 2019-04-18 06:21:50, 2019-04-18 07:51:45, 5395.0, 32155725.6, 5288616541.7, 0.612, 496
24892, P, 2019-04-18 07:52:54, 2019-04-18 09:27:20, 5666.0, 33021132.1, 5321637673.8, 0.616, 496
24893, P, 2019-04-18 09:28:16, 2019-04-18 10:56:00, 5264.0, 32561005.9, 5354198679.7, 0.620, 495
24894, P, 2019-04-18 10:56:48, 2019-04-18 12:03:17, 3989.0, 24430951.3, 5378629630.9, 0.623, 377
24895, P, 2019-04-18 12:12:54, 2019-04-18 13:05:24, 3150.0, 19459734.4, 5398089365.4, 0.625, 299
24901, P, 2019-04-18 17:28:49, 2019-04-18 17:46:51, 1082.0, 5922199.3, 5404011564.7, 0.626, 102
24903, P, 2019-04-18 17:56:14, 2019-04-18 18:28:16, 1922.0, 9037110.7, 5413048675.4, 0.627, 176
24905, P, 2019-04-18 18:33:31, 2019-04-18 18:52:10, 1119.0, 4613332.4, 5417662007.8, 0.627, 104
24920, P, 2019-04-18 20:35:06, 2019-04-18 21:56:12, 4866.0, 34118617.5, 5451780625.3, 0.631, 495
24921, P, 2019-04-18 21:56:57, 2019-04-18 22:42:05, 2708.0, 16488721.5, 5468269346.8, 0.633, 257
24922, P, 2019-04-18 22:43:41, 2019-04-18 23:28:17, 2676.0, 17098148.1, 5485367494.9, 0.635, 261
24923, P, 2019-04-18 23:38:41, 2019-04-19 00:15:47, 2226.0, 13951070.1, 5499318565.0, 0.637, 216
24925, P, 2019-04-19 00:24:04, 2019-04-19 01:50:17, 5173.0, 31736540.9, 5531055105.9, 0.641, 496
24926, P, 2019-04-19 01:51:18, 2019-04-19 02:14:56, 1418.0, 8720379.4, 5539775485.3, 0.642, 135
24927, P, 2019-04-19 02:23:58, 2019-04-19 02:57:05, 1987.0, 12299951.9, 5552075437.2, 0.643, 188
24928, P, 2019-04-19 03:32:14, 2019-04-19 05:05:20, 5586.0, 29100828.4, 5581176265.6, 0.646, 496
24929, P, 2019-04-19 05:06:11, 2019-04-19 06:35:42, 5371.0, 32198219.9, 5613374485.5, 0.650, 496
24935, P, 2019-04-19 07:35:42, 2019-04-19 09:01:45, 5163.0, 31722529.7, 5645097015.2, 0.654, 496
24936, P, 2019-04-19 09:02:26, 2019-04-19 10:29:51, 5245.0, 28918838.0, 5674015853.2, 0.657, 496
24937, P, 2019-04-19 10:30:36, 2019-04-19 11:56:50, 5174.0, 32010800.8, 5706026654.0, 0.661, 496
24938, P, 2019-04-19 11:57:39, 2019-04-19 12:22:11, 1472.0, 8707425.7, 5714734079.6, 0.662, 139
24939, P, 2019-04-19 12:33:43, 2019-04-19 13:59:06, 5123.0, 32033593.9, 5746767673.5, 0.666, 496
24940, P, 2019-04-19 13:59:55, 2019-04-19 15:26:23, 5188.0, 32311258.7, 5779078932.1, 0.669, 496
24941, P, 2019-04-19 15:27:12, 2019-04-19 16:54:14, 5222.0, 30922643.6, 5810001575.8, 0.673, 496
24942, P, 2019-04-19 16:55:05, 2019-04-19 18:07:05, 4320.0, 26149350.6, 5836150926.4, 0.676, 409
24943, P, 2019-04-19 18:18:47, 2019-04-19 18:40:01, 1274.0, 8299749.3, 5844450675.7, 0.677, 128
24947, P, 2019-04-19 19:14:30, 2019-04-19 20:37:28, 4978.0, 31737689.1, 5876188364.8, 0.681, 496
24948, P, 2019-04-19 20:38:02, 2019-04-19 22:03:50, 5148.0, 32887776.0, 5909076140.8, 0.684, 496
24949, P, 2019-04-19 22:04:34, 2019-04-19 22:14:10, 576.0, 3134486.7, 5912210627.5, 0.685, 55
24951, P, 2019-04-19 22:19:25, 2019-04-19 23:46:31, 5226.0, 31668175.4, 5943878802.9, 0.688, 496
24952, P, 2019-04-19 23:47:16, 2019-04-20 01:12:31, 5115.0, 32496045.2, 5976374848.2, 0.692, 497
24953, P, 2019-04-20 01:13:18, 2019-04-20 01:33:15, 1197.0, 6488166.8, 5982863014.9, 0.693, 111
24956, P, 2019-04-20 02:38:42, 2019-04-20 03:18:39, 2397.0, 14425540.5, 5997288555.4, 0.695, 229
24957, P, 2019-04-20 03:24:37, 2019-04-20 04:51:57, 5240.0, 31811534.2, 6029100089.6, 0.698, 497
24958, P, 2019-04-20 04:52:43, 2019-04-20 05:04:58, 735.0, 4390107.3, 6033490196.9, 0.699, 70
24960, P, 2019-04-20 05:15:44, 2019-04-20 05:54:54, 2350.0, 14577103.7, 6048067300.6, 0.700, 224
24961, P, 2019-04-20 05:58:33, 2019-04-20 07:25:40, 5227.0, 32580963.5, 6080648264.2, 0.704, 497
24962, P, 2019-04-20 07:26:15, 2019-04-20 08:52:00, 5145.0, 32654771.4, 6113303035.6, 0.708, 497
24963, P, 2019-04-20 08:52:48, 2019-04-20 10:20:02, 5234.0, 31236561.9, 6144539597.5, 0.712, 497
24964, P, 2019-04-20 10:20:49, 2019-04-20 11:52:14, 5485.0, 29410812.1, 6173950409.7, 0.715, 496
24965, P, 2019-04-20 11:53:03, 2019-04-20 13:21:16, 5293.0, 30764388.5, 6204714798.1, 0.719, 496
24966, P, 2019-04-20 13:22:01, 2019-04-20 13:52:34, 1833.0, 11501851.5, 6216216649.7, 0.720, 177
24968, P, 2019-04-20 14:16:36, 2019-04-20 15:44:39, 5283.0, 30764668.2, 6246981317.9, 0.723, 496
24969, P, 2019-04-20 15:45:16, 2019-04-20 16:51:14, 3958.0, 22799633.6, 6269780951.5, 0.726, 369
24970, P, 2019-04-20 17:04:49, 2019-04-20 18:30:37, 5148.0, 31714443.0, 6301495394.5, 0.730, 495
24971, P, 2019-04-20 18:31:35, 2019-04-20 19:55:14, 5019.0, 33079232.0, 6334574626.5, 0.734, 496
24972, P, 2019-04-20 19:56:03, 2019-04-20 20:19:25, 1402.0, 8402190.0, 6342976816.5, 0.735, 132
24973, P, 2019-04-20 20:31:57, 2019-04-20 21:34:19, 3742.0, 20015731.1, 6362992547.6, 0.737, 336
24975, P, 2019-04-20 22:01:19, 2019-04-20 23:30:41, 5362.0, 29042642.3, 6392035189.9, 0.740, 496
24976, P, 2019-04-20 23:31:25, 2019-04-21 00:59:20, 5275.0, 32036751.3, 6424071941.2, 0.744, 496
24977, P, 2019-04-21 01:00:01, 2019-04-21 02:27:33, 5252.0, 30952974.7, 6455024915.9, 0.748, 496
24978, P, 2019-04-21 02:28:17, 2019-04-21 02:52:28, 1451.0, 8133870.7, 6463158786.6, 0.749, 136
24979, P, 2019-04-21 03:01:41, 2019-04-21 04:30:15, 5314.0, 30157441.9, 6493316228.5, 0.752, 496
24980, P, 2019-04-21 04:31:10, 2019-04-21 05:38:59, 4069.0, 24498588.5, 6517814817.0, 0.755, 389
24981, P, 2019-04-21 05:49:21, 2019-04-21 07:17:45, 5304.0, 30655487.6, 6548470304.6, 0.758, 496
24982, P, 2019-04-21 07:18:34, 2019-04-21 08:45:36, 5222.0, 31940936.3, 6580411240.9, 0.762, 496
24983, P, 2019-04-21 08:46:29, 2019-04-21 10:14:58, 5309.0, 31750017.0, 6612161257.8, 0.766, 496
24984, P, 2019-04-21 10:15:54, 2019-04-21 11:45:29, 5375.0, 23985275.6, 6636146533.5, 0.769, 496
24985, P, 2019-04-21 11:46:35, 2019-04-21 13:10:04, 5009.0, 31279777.3, 6667426310.8, 0.772, 495
24986, P, 2019-04-21 13:10:50, 2019-04-21 14:30:41, 4791.0, 35763374.1, 6703189684.9, 0.776, 495
24987, P, 2019-04-21 14:31:22, 2019-04-21 15:42:41, 4279.0, 23707451.5, 6726897136.4, 0.779, 380
24988, P, 2019-04-21 15:49:02, 2019-04-21 16:56:46, 4064.0, 10263289.8, 6737160426.1, 0.780, 349
24995, P, 2019-04-21 21:58:38, 2019-04-21 23:26:19, 5261.0, 28837391.5, 6765997817.7, 0.784, 495
24997, P, 2019-04-21 23:32:40, 2019-04-22 01:01:30, 5330.0, 32155958.5, 6798153776.1, 0.787, 496
24998, P, 2019-04-22 01:02:22, 2019-04-22 02:27:21, 5099.0, 32320054.4, 6830473830.5, 0.791, 496
24999, P, 2019-04-22 02:28:01, 2019-04-22 03:53:24, 5123.0, 32309068.5, 6862782899.0, 0.795, 495
25000, P, 2019-04-22 03:54:11, 2019-04-22 05:18:30, 5059.0, 27356277.4, 6890139176.4, 0.798, 495
25001, P, 2019-04-22 05:19:17, 2019-04-22 06:21:04, 3707.0, 26577566.0, 6916716742.3, 0.801, 383
25002, P, 2019-04-22 06:29:47, 2019-04-22 06:39:12, 565.0, 3993651.0, 6920710393.3, 0.801, 59
25003, P, 2019-04-22 06:43:05, 2019-04-22 08:03:29, 4824.0, 34074425.0, 6954784818.3, 0.805, 495
25004, P, 2019-04-22 08:04:27, 2019-04-22 09:33:37, 5350.0, 26639529.9, 6981424348.3, 0.809, 496
25006, P, 2019-04-22 09:37:10, 2019-04-22 11:02:40, 5130.0, 33497733.4, 7014922081.7, 0.812, 495
25007, P, 2019-04-22 11:03:25, 2019-04-22 12:31:48, 5303.0, 30076026.2, 7044998107.9, 0.816, 495
25008, P, 2019-04-22 12:32:38, 2019-04-22 13:13:23, 2445.0, 14479911.4, 7059478019.3, 0.818, 229
25009, P, 2019-04-22 13:15:24, 2019-04-22 14:43:22, 5278.0, 31667726.7, 7091145746.0, 0.821, 495
25012, P, 2019-04-22 14:48:07, 2019-04-22 14:58:35, 628.0, 3883337.9, 7095029083.9, 0.822, 59
25013, P, 2019-04-22 15:08:17, 2019-04-22 15:26:04, 1067.0, 6634206.0, 7101663289.9, 0.822, 100
25017, P, 2019-04-22 15:55:24, 2019-04-22 16:38:59, 2615.0, 15094409.6, 7116757699.5, 0.824, 240
25019, P, 2019-04-22 16:44:57, 2019-04-22 18:14:43, 5386.0, 32315663.7, 7149073363.2, 0.828, 494
25020, P, 2019-04-22 18:15:42, 2019-04-22 18:46:42, 1860.0, 13413898.5, 7162487261.7, 0.829, 188
25021, P, 2019-04-22 18:50:38, 2019-04-22 19:37:31, 2813.0, 14726012.4, 7177213274.0, 0.831, 260
25022, P, 2019-04-22 19:41:07, 2019-04-22 21:09:20, 5293.0, 31258650.8, 7208471924.8, 0.835, 495
25023, P, 2019-04-22 21:10:09, 2019-04-22 21:58:02, 2873.0, 18044207.3, 7226516132.1, 0.837, 269
25024, P, 2019-04-22 22:12:50, 2019-04-22 23:32:23, 4773.0, 26754221.5, 7253270353.6, 0.840, 445
25025, P, 2019-04-22 23:43:17, 2019-04-23 01:11:42, 5305.0, 32159981.1, 7285430334.7, 0.844, 495
25026, P, 2019-04-23 01:12:31, 2019-04-23 02:39:06, 5195.0, 33510082.3, 7318940417.0, 0.848, 495
25027, P, 2019-04-23 02:39:58, 2019-04-23 04:07:59, 5281.0, 32578023.1, 7351518440.1, 0.851, 495
25028, P, 2019-04-23 04:08:48, 2019-04-23 05:37:29, 5321.0, 32809250.8, 7384327690.9, 0.855, 495
25029, P, 2019-04-23 05:38:12, 2019-04-23 07:07:24, 5352.0, 29546784.1, 7413874475.1, 0.859, 495
25030, P, 2019-04-23 07:08:10, 2019-04-23 08:20:16, 4326.0, 29983714.5, 7443858189.6, 0.862, 420
25031, P, 2019-04-23 08:30:30, 2019-04-23 09:57:23, 5213.0, 34769149.7, 7478627339.3, 0.866, 495
25032, P, 2019-04-23 09:58:16, 2019-04-23 10:46:44, 2908.0, 14614484.9, 7493241824.2, 0.868, 218
25033, P, 2019-04-23 10:50:54, 2019-04-23 12:18:32, 5258.0, 34181698.4, 7527423522.6, 0.872, 495
25034, P, 2019-04-23 12:19:16, 2019-04-23 13:47:00, 5264.0, 34333420.8, 7561756943.4, 0.876, 496
25035, P, 2019-04-23 13:47:49, 2019-04-23 14:12:04, 1455.0, 9925881.2, 7571682824.6, 0.877, 137
25036, P, 2019-04-23 14:17:43, 2019-04-23 15:41:42, 5039.0, 34559827.5, 7606242652.1, 0.881, 495
25037, P, 2019-04-23 15:42:19, 2019-04-23 16:58:32, 4573.0, 28365861.3, 7634608513.4, 0.884, 429
25038, P, 2019-04-23 17:11:09, 2019-04-23 18:35:49, 5080.0, 33588375.4, 7668196888.8, 0.888, 495
25039, P, 2019-04-23 18:36:52, 2019-04-23 20:03:43, 5211.0, 34078554.6, 7702275443.4, 0.892, 495
25040, P, 2019-04-23 20:04:22, 2019-04-23 21:31:44, 5242.0, 32430965.1, 7734706408.5, 0.896, 495
25041, P, 2019-04-23 21:32:42, 2019-04-23 22:32:23, 3581.0, 22151521.2, 7756857929.7, 0.898, 343
25043, P, 2019-04-23 23:01:47, 2019-04-24 00:28:48, 5221.0, 31141750.0, 7787999679.7, 0.902, 495
25044, P, 2019-04-24 00:29:28, 2019-04-24 01:59:03, 5375.0, 31634312.5, 7819633992.1, 0.906, 496
25655, S, 2019-04-25 13:41:29, 2019-04-25 15:12:12, 5443.0, 24567390.0, 7844201382.1, 0.908, 495
25656, S, 2019-04-25 15:12:55, 2019-04-25 16:42:12, 5357.0, 26823472.5, 7871024854.6, 0.912, 495
25658, S, 2019-04-25 17:01:52, 2019-04-25 18:33:10, 5478.0, 25209840.6, 7896234695.2, 0.914, 495
25659, S, 2019-04-25 18:33:56, 2019-04-25 18:49:13, 917.0, 3978166.2, 7900212861.4, 0.915, 82
25890, S, 2019-04-26 20:39:06, 2019-04-26 21:13:04, 2038.0, 13728697.4, 7913941558.8, 0.917, 209
25891, S, 2019-04-26 21:26:45, 2019-04-26 22:53:48, 5223.0, 30262703.7, 7944204262.5, 0.920, 495
25892, S, 2019-04-26 22:54:22, 2019-04-26 23:58:08, 3826.0, 21659182.4, 7965863444.9, 0.923, 359
25893, S, 2019-04-26 23:59:30, 2019-04-27 00:12:42, 792.0, 4239188.1, 7970102633.1, 0.923, 72
25894, P, 2019-04-27 00:14:30, 2019-04-27 01:39:56, 5126.0, 31423350.4, 8001525983.4, 0.927, 495
25896, P, 2019-04-27 01:59:16, 2019-04-27 03:27:07, 5271.0, 31317042.5, 8032843025.9, 0.930, 495
25897, P, 2019-04-27 03:27:57, 2019-04-27 04:55:50, 5273.0, 31010020.1, 8063853046.0, 0.934, 496
25898, P, 2019-04-27 04:56:53, 2019-04-27 06:23:37, 5204.0, 32148500.8, 8096001546.8, 0.938, 495
25899, P, 2019-04-27 06:24:14, 2019-04-27 07:50:59, 5205.0, 31672591.7, 8127674138.5, 0.941, 495
25900, P, 2019-04-27 07:52:05, 2019-04-27 09:12:11, 4806.0, 34657215.7, 8162331354.2, 0.945, 495
25901, P, 2019-04-27 09:13:00, 2019-04-27 10:33:22, 4822.0, 34536042.7, 8196867396.8, 0.949, 495
25902, P, 2019-04-27 10:34:14, 2019-04-27 11:58:00, 5026.0, 32482846.3, 8229350243.2, 0.953, 495
25903, P, 2019-04-27 11:58:54, 2019-04-27 13:27:37, 5323.0, 29465306.6, 8258815549.7, 0.956, 496
25904, P, 2019-04-27 13:28:22, 2019-04-27 14:57:28, 5346.0, 31306174.7, 8290121724.5, 0.960, 495
25905, P, 2019-04-27 14:58:21, 2019-04-27 16:20:15, 4914.0, 24215185.6, 8314336910.0, 0.963, 449
25906, P, 2019-04-27 17:51:41, 2019-04-27 19:18:20, 5199.0, 31462576.1, 8345799486.1, 0.967, 495
25907, P, 2019-04-27 19:19:13, 2019-04-27 20:21:44, 3751.0, 22296250.0, 8368095736.1, 0.969, 350
25916, P, 2019-04-28 20:26:57, 2019-04-28 21:53:38, 5201.0, 31704868.2, 8399800604.3, 0.973, 496
25917, P, 2019-04-28 21:54:25, 2019-04-28 23:21:55, 5250.0, 31347765.0, 8431148369.3, 0.976, 495
25918, P, 2019-04-28 23:22:47, 2019-04-29 00:50:19, 5252.0, 31019873.3, 8462168242.6, 0.980, 495
25919, P, 2019-04-29 00:51:07, 2019-04-29 02:19:00, 5273.0, 30529864.9, 8492698107.5, 0.984, 495
25920, P, 2019-04-29 02:19:41, 2019-04-29 03:48:09, 5308.0, 29601608.0, 8522299715.5, 0.987, 495
25921, P, 2019-04-29 03:48:57, 2019-04-29 05:16:40, 5263.0, 31486741.3, 8553786456.8, 0.991, 496
25922, P, 2019-04-29 05:17:29, 2019-04-29 05:52:45, 2116.0, 12075973.3, 8565862430.2, 0.992, 200
25923, P, 2019-04-29 05:55:55, 2019-04-29 06:54:41, 3526.0, 22285803.7, 8588148233.9, 0.995, 337
25925, P, 2019-04-29 07:25:02, 2019-04-29 08:49:54, 5092.0, 32604008.9, 8620752242.8, 0.998, 496
25926, P, 2019-04-29 08:50:35, 2019-04-29 10:12:41, 4926.0, 32946428.8, 8653698671.6, 1.002, 495
25927, P, 2019-04-29 10:13:22, 2019-04-29 10:33:26, 1204.0, 7603806.3, 8661302477.9, 1.003, 114
25928, P, 2019-04-29 10:45:50, 2019-04-29 12:04:48, 4738.0, 26861594.8, 8688164072.7, 1.006, 449
25929, P, 2019-04-29 12:13:54, 2019-04-29 13:40:25, 5191.0, 30284623.3, 8718448696.0, 1.010, 496
25930, P, 2019-04-29 13:41:15, 2019-04-29 15:05:42, 5067.0, 30029390.6, 8748478086.7, 1.013, 477
25932, P, 2019-04-29 15:14:10, 2019-04-29 16:07:13, 3183.0, 17488186.4, 8765966273.1, 1.015, 301
25933, P, 2019-04-29 16:16:32, 2019-04-29 16:53:48, 2236.0, 11317054.7, 8777283327.8, 1.017, 205
25934, P, 2019-04-29 17:04:32, 2019-04-29 17:25:52, 1280.0, 7170440.9, 8784453768.7, 1.017, 121
25935, P, 2019-04-29 17:27:53, 2019-04-29 18:55:37, 5264.0, 31929016.6, 8816382785.2, 1.021, 496
25936, P, 2019-04-29 18:56:29, 2019-04-29 20:24:42, 5293.0, 32146786.5, 8848529571.7, 1.025, 496
25937, P, 2019-04-29 20:25:27, 2019-04-29 21:53:29, 5282.0, 30742326.5, 8879271898.2, 1.028, 495
25938, P, 2019-04-29 21:54:03, 2019-04-29 23:22:05, 5282.0, 31936485.5, 8911208383.7, 1.032, 495
25939, P, 2019-04-29 23:22:40, 2019-04-30 00:49:48, 5228.0, 31379318.8, 8942587702.5, 1.036, 495
25940, P, 2019-04-30 00:50:28, 2019-04-30 02:17:00, 5192.0, 31801606.9, 8974389309.4, 1.039, 496
25941, P, 2019-04-30 02:17:48, 2019-04-30 03:42:13, 5065.0, 30343943.7, 9004733253.1, 1.043, 478
25946, P, 2019-04-30 04:11:01, 2019-04-30 05:13:37, 3756.0, 17885263.5, 9022618516.6, 1.045, 332
25947, P, 2019-04-30 05:26:23, 2019-04-30 06:22:14, 3351.0, 19737315.7, 9042355832.3, 1.047, 317
25949, P, 2019-04-30 06:38:31, 2019-04-30 06:51:20, 769.0, 4573002.7, 9046928834.9, 1.048, 73
25950, P, 2019-04-30 07:14:23, 2019-04-30 08:42:08, 5265.0, 30406111.7, 9077334946.7, 1.051, 495
25951, P, 2019-04-30 08:42:57, 2019-04-30 10:10:57, 5280.0, 27534030.0, 9104868976.7, 1.054, 495
25952, P, 2019-04-30 10:11:45, 2019-04-30 11:39:47, 5282.0, 29514286.6, 9134383263.3, 1.058, 495
25953, P, 2019-04-30 11:40:35, 2019-04-30 13:07:16, 5201.0, 30961638.8, 9165344902.1, 1.061, 495
25954, P, 2019-04-30 13:08:08, 2019-04-30 14:37:04, 5336.0, 30376992.7, 9195721894.7, 1.065, 496
25955, P, 2019-04-30 14:37:46, 2019-04-30 16:03:16, 5130.0, 30083575.9, 9225805470.6, 1.068, 483
25960, P, 2019-04-30 16:49:41, 2019-04-30 18:18:33, 5332.0, 31522112.9, 9257327583.6, 1.072, 496
25961, P, 2019-04-30 18:19:22, 2019-04-30 19:45:16, 5154.0, 32106689.0, 9289434272.5, 1.076, 496
25973, P, 2019-05-01 14:19:09, 2019-05-01 15:02:17, 2588.0, 15571983.5, 9305006256.1, 1.078, 244
25974, S, 2019-05-01 15:06:01, 2019-05-01 15:20:44, 883.0, 5369817.6, 9310376073.7, 1.078, 83
25975, S, 2019-05-01 15:22:59, 2019-05-01 15:37:36, 877.0, 5368263.6, 9315744337.3, 1.079, 82
25976, S, 2019-05-01 15:39:53, 2019-05-01 15:54:23, 870.0, 5354750.8, 9321099088.1, 1.079, 82
25977, S, 2019-05-01 15:56:56, 2019-05-01 16:11:32, 876.0, 5487136.0, 9326586224.1, 1.080, 83
25978, S, 2019-05-01 16:13:50, 2019-05-01 16:28:21, 871.0, 5406427.0, 9331992651.1, 1.081, 82
25980, P, 2019-05-01 17:55:06, 2019-05-01 18:44:54, 2988.0, 19908394.7, 9351901045.8, 1.083, 297
25981, P, 2019-05-01 19:28:39, 2019-05-01 20:49:30, 4851.0, 31197013.1, 9383098058.9, 1.087, 495
25982, P, 2019-05-01 20:50:15, 2019-05-01 22:09:37, 4762.0, 35068117.3, 9418166176.2, 1.091, 495
25983, P, 2019-05-01 22:10:25, 2019-05-01 23:01:16, 3051.0, 22117042.4, 9440283218.5, 1.093, 313
25985, P, 2019-05-01 23:39:28, 2019-05-02 01:04:45, 5117.0, 24939774.3, 9465222992.9, 1.096, 496
25986, P, 2019-05-02 01:05:35, 2019-05-02 02:34:08, 5313.0, 4363285.2, 9469586278.0, 1.097, 496
25987, P, 2019-05-02 02:34:57, 2019-05-02 03:57:06, 4929.0, 27729615.4, 9497315893.4, 1.100, 495
25988, P, 2019-05-02 03:57:54, 2019-05-02 05:18:34, 4840.0, 33210021.0, 9530525914.4, 1.104, 495
25989, P, 2019-05-02 05:19:16, 2019-05-02 06:31:03, 4307.0, 29944568.9, 9560470483.3, 1.107, 441
25990, P, 2019-05-02 06:46:07, 2019-05-02 07:35:32, 2965.0, 21374895.6, 9581845378.9, 1.110, 308
25991, P, 2019-05-02 07:48:01, 2019-05-02 09:07:35, 4774.0, 34241939.0, 9616087317.9, 1.114, 495
25992, P, 2019-05-02 09:08:25, 2019-05-02 10:04:05, 3340.0, 24442433.9, 9640529751.9, 1.116, 348
25994, P, 2019-05-02 10:17:46, 2019-05-02 11:03:06, 2720.0, 19393086.6, 9659922838.5, 1.119, 279
25996, P, 2019-05-02 11:36:14, 2019-05-02 12:55:29, 4755.0, 35065596.5, 9694988435.0, 1.123, 495
25997, P, 2019-05-02 12:56:26, 2019-05-02 13:46:24, 2998.0, 21719218.2, 9716707653.2, 1.125, 306
25999, P, 2019-05-02 13:57:41, 2019-05-02 15:16:57, 4756.0, 35089842.9, 9751797496.0, 1.129, 495
26000, P, 2019-05-02 15:17:54, 2019-05-02 16:38:58, 4864.0, 35187413.3, 9786984909.4, 1.133, 496
26001, P, 2019-05-02 16:39:59, 2019-05-02 17:59:22, 4763.0, 35430412.8, 9822415322.1, 1.138, 496
26002, P, 2019-05-02 18:00:19, 2019-05-02 18:10:02, 583.0, 3732023.1, 9826147345.3, 1.138, 59
26003, P, 2019-05-02 18:29:50, 2019-05-02 19:50:16, 4826.0, 33733530.1, 9859880875.4, 1.142, 496
26009, P, 2019-05-02 22:08:39, 2019-05-02 23:27:52, 4753.0, 35291979.1, 9895172854.5, 1.146, 495
26010, P, 2019-05-02 23:28:52, 2019-05-03 00:52:01, 4989.0, 33839552.8, 9929012407.2, 1.150, 496
26011, P, 2019-05-03 00:52:54, 2019-05-03 02:21:18, 5304.0, 31475480.3, 9960487887.5, 1.154, 496
26012, P, 2019-05-03 02:22:33, 2019-05-03 03:49:55, 5242.0, 32551932.9, 9993039820.4, 1.157, 495
26013, P, 2019-05-03 03:50:46, 2019-05-03 05:23:52, 5586.0, 30950465.3, 10023990285.6, 1.161, 496
26014, P, 2019-05-03 05:24:56, 2019-05-03 07:00:44, 5748.0, 24022960.0, 10048013245.6, 1.164, 496
26015, P, 2019-05-03 07:01:50, 2019-05-03 08:00:51, 3541.0, 24619482.9, 10072632728.6, 1.167, 351
26052, P, 2019-05-03 14:40:23, 2019-05-03 15:03:10, 1367.0, 3882635.7, 10076515364.2, 1.167, 129
26053, P, 2019-05-03 15:04:30, 2019-05-03 15:41:38, 2228.0, 10719915.7, 10087235279.9, 1.168, 207
26058, P, 2019-05-03 16:14:24, 2019-05-03 16:24:07, 583.0, 1825741.6, 10089061021.5, 1.168, 56
26059, P, 2019-05-03 16:25:25, 2019-05-03 16:47:12, 1307.0, 9328242.9, 10098389264.4, 1.169, 135
26064, P, 2019-05-03 17:25:32, 2019-05-03 18:47:18, 4906.0, 32569657.0, 10130958921.4, 1.173, 495
26065, P, 2019-05-03 18:48:06, 2019-05-03 20:08:33, 4827.0, 34061208.9, 10165020130.3, 1.177, 495
26066, P, 2019-05-03 20:09:21, 2019-05-03 21:28:59, 4778.0, 34904140.5, 10199924270.8, 1.181, 495
26067, P, 2019-05-03 21:29:42, 2019-05-03 22:46:57, 4635.0, 33454679.8, 10233378950.6, 1.185, 481
26071, P, 2019-05-03 23:25:31, 2019-05-04 00:47:36, 4925.0, 29315312.7, 10262694263.2, 1.189, 495
26072, P, 2019-05-04 00:48:27, 2019-05-04 02:15:17, 5210.0, 28614600.6, 10291308863.8, 1.192, 495
26073, P, 2019-05-04 02:16:17, 2019-05-04 03:41:15, 5098.0, 32250004.6, 10323558868.5, 1.196, 495
26074, P, 2019-05-04 03:42:19, 2019-05-04 04:14:51, 1952.0, 11458493.7, 10335017362.2, 1.197, 185
26078, P, 2019-05-04 04:36:13, 2019-05-04 06:05:23, 5350.0, 26665664.4, 10361683026.6, 1.200, 495
26079, P, 2019-05-04 06:06:10, 2019-05-04 06:17:06, 656.0, 3195242.4, 10364878269.0, 1.200, 61
26081, P, 2019-05-04 06:37:43, 2019-05-04 07:07:08, 1765.0, 10079370.0, 10374957639.0, 1.202, 162
26082, P, 2019-05-04 07:22:49, 2019-05-04 08:46:43, 5034.0, 31673322.9, 10406630961.8, 1.205, 495
26083, P, 2019-05-04 08:47:36, 2019-05-04 10:10:27, 4971.0, 28357532.8, 10434988494.6, 1.208, 495
26084, P, 2019-05-04 10:11:09, 2019-05-04 11:30:58, 4789.0, 34894485.0, 10469882979.6, 1.213, 495
26085, P, 2019-05-04 11:32:14, 2019-05-04 12:52:16, 4802.0, 34583753.4, 10504466733.0, 1.217, 495
26086, P, 2019-05-04 12:53:04, 2019-05-04 14:12:59, 4795.0, 34445833.9, 10538912566.9, 1.221, 495
26087, P, 2019-05-04 14:13:40, 2019-05-04 15:33:37, 4797.0, 34228596.1, 10573141162.9, 1.224, 495
26088, P, 2019-05-04 15:34:18, 2019-05-04 16:58:39, 5061.0, 30064528.3, 10603205691.3, 1.228, 494
26089, P, 2019-05-04 16:59:40, 2019-05-04 17:46:44, 2824.0, 20388673.2, 10623594364.5, 1.230, 264
26090, P, 2019-05-04 17:57:58, 2019-05-04 19:26:36, 5318.0, 83378123.6, 10706972488.1, 1.240, 494
26092, P, 2019-05-04 19:57:52, 2019-05-04 20:29:42, 1910.0, 28561733.1, 10735534221.2, 1.243, 178
26095, P, 2019-05-04 20:43:15, 2019-05-04 21:54:52, 4297.0, 55905964.0, 10791440185.2, 1.250, 402
26097, P, 2019-05-04 22:03:20, 2019-05-04 22:48:45, 2725.0, 41516810.1, 10832956995.3, 1.255, 254
26099, P, 2019-05-04 23:06:09, 2019-05-05 00:33:04, 5215.0, 68409618.5, 10901366613.7, 1.262, 495
26100, P, 2019-05-05 00:33:46, 2019-05-05 02:00:26, 5200.0, 88845820.8, 10990212434.5, 1.273, 495
26139, P, 2019-05-05 14:02:05, 2019-05-05 15:30:18, 5293.0, 34104393.4, 11024316827.9, 1.277, 495
26140, P, 2019-05-05 15:31:03, 2019-05-05 15:55:20, 1457.0, 8977189.5, 11033294017.5, 1.278, 136
26142, P, 2019-05-05 16:28:39, 2019-05-05 17:59:04, 5425.0, 27248289.1, 11060542306.6, 1.281, 494
26143, P, 2019-05-05 17:59:49, 2019-05-05 19:21:57, 4928.0, 28922163.0, 11089464469.5, 1.284, 457
26144, P, 2019-05-05 19:42:41, 2019-05-05 21:11:19, 5318.0, 30710152.0, 11120174621.5, 1.288, 494
26147, P, 2019-05-05 21:21:54, 2019-05-05 22:00:10, 2296.0, 13025755.1, 11133200376.6, 1.289, 214
26148, P, 2019-05-05 22:20:42, 2019-05-05 22:58:57, 2295.0, 14120516.2, 11147320892.8, 1.291, 214
26149, P, 2019-05-05 23:16:14, 2019-05-06 00:27:06, 4252.0, 27055072.6, 11174375965.4, 1.294, 397
26150, P, 2019-05-06 00:42:52, 2019-05-06 02:11:41, 5329.0, 32801139.2, 11207177104.6, 1.298, 495
26153, P, 2019-05-06 02:22:04, 2019-05-06 03:32:17, 4213.0, 26483516.4, 11233660620.9, 1.301, 391
26154, P, 2019-05-06 03:47:03, 2019-05-06 05:15:15, 5292.0, 37374074.2, 11271034695.2, 1.305, 495
26155, P, 2019-05-06 05:15:59, 2019-05-06 06:43:58, 5279.0, 36579679.3, 11307614374.5, 1.310, 495
26156, P, 2019-05-06 06:44:39, 2019-05-06 07:07:31, 1372.0, 9193359.7, 11316807734.2, 1.311, 126
26159, P, 2019-05-06 08:49:39, 2019-05-06 10:01:22, 4303.0, 15722378.0, 11332530112.2, 1.312, 421
26160, S, 2019-05-06 10:03:05, 2019-05-06 10:54:06, 3061.0, 16599499.4, 11349129611.6, 1.314, 282
26165, S, 2019-05-06 11:31:02, 2019-05-06 12:47:06, 4564.0, 23186127.3, 11372315738.9, 1.317, 413
26166, S, 2019-05-06 12:58:34, 2019-05-06 14:29:35, 5461.0, 27153672.2, 11399469411.1, 1.320, 495
26167, S, 2019-05-06 14:30:15, 2019-05-06 15:35:47, 3932.0, 18852029.7, 11418321440.8, 1.322, 358
26168, P, 2019-05-06 15:36:54, 2019-05-06 17:05:28, 5314.0, 20851466.6, 11439172907.4, 1.325, 495
26169, P, 2019-05-06 17:06:19, 2019-05-06 17:33:19, 1620.0, 6504346.0, 11445677253.4, 1.326, 152
26170, P, 2019-05-06 17:56:36, 2019-05-06 19:21:41, 5105.0, 33116248.9, 11478793502.4, 1.329, 494
26171, P, 2019-05-06 19:22:29, 2019-05-06 20:51:50, 5361.0, 28711164.1, 11507504666.4, 1.333, 495
26172, P, 2019-05-06 20:52:40, 2019-05-06 22:23:40, 5460.0, 25648458.8, 11533153125.2, 1.336, 495
26173, P, 2019-05-06 22:24:27, 2019-05-06 23:52:25, 5278.0, 32636296.3, 11565789421.5, 1.339, 495
26174, P, 2019-05-06 23:53:07, 2019-05-07 01:21:07, 5280.0, 31318549.4, 11597107970.9, 1.343, 495
26175, P, 2019-05-07 01:21:49, 2019-05-07 02:49:38, 5269.0, 30903844.1, 11628011814.9, 1.347, 495
26176, P, 2019-05-07 02:50:27, 2019-05-07 04:03:41, 4394.0, 19204527.3, 11647216342.2, 1.349, 404
26178, P, 2019-05-07 04:29:23, 2019-05-07 05:57:37, 5294.0, 29076190.0, 11676292532.2, 1.352, 495
26179, P, 2019-05-07 05:58:26, 2019-05-07 07:26:20, 5274.0, 31933709.2, 11708226241.4, 1.356, 496
26180, P, 2019-05-07 07:27:03, 2019-05-07 08:12:15, 2712.0, 16208620.2, 11724434861.7, 1.358, 255
26186, S, 2019-05-07 09:03:21, 2019-05-07 09:13:31, 610.0, 4518472.0, 11728953333.7, 1.358, 63
26189, S, 2019-05-07 09:32:47, 2019-05-07 09:42:18, 571.0, 4016255.0, 11732969588.7, 1.359, 56
26190, S, 2019-05-07 09:44:12, 2019-05-07 09:54:18, 606.0, 4216946.0, 11737186534.7, 1.359, 59
26191, S, 2019-05-07 10:05:21, 2019-05-07 10:14:56, 575.0, 3642495.7, 11740829030.3, 1.360, 56
26192, S, 2019-05-07 10:16:21, 2019-05-07 10:26:04, 583.0, 3707838.0, 11744536868.3, 1.360, 57
26193, S, 2019-05-07 10:29:21, 2019-05-07 10:38:56, 575.0, 3979730.0, 11748516598.3, 1.361, 57
26194, S, 2019-05-07 10:40:18, 2019-05-07 10:51:21, 663.0, 3940220.5, 11752456818.8, 1.361, 63
26196, S, 2019-05-07 10:56:06, 2019-05-07 11:06:37, 631.0, 3691311.1, 11756148129.9, 1.361, 61
26197, P, 2019-05-07 11:32:55, 2019-05-07 12:57:35, 5080.0, 31826813.8, 11787974943.6, 1.365, 493
26198, P, 2019-05-07 12:58:22, 2019-05-07 14:20:32, 4930.0, 32089503.8, 11820064447.4, 1.369, 494
26201, P, 2019-05-07 14:40:07, 2019-05-07 15:31:27, 3080.0, 18260865.7, 11838325313.1, 1.371, 293
26203, P, 2019-05-07 15:42:09, 2019-05-07 17:09:33, 5244.0, 28374157.7, 11866699470.9, 1.374, 495
26205, P, 2019-05-07 17:28:23, 2019-05-07 17:38:46, 623.0, 3768690.2, 11870468161.1, 1.375, 59
26206, P, 2019-05-07 17:55:06, 2019-05-07 18:23:39, 1713.0, 7862656.6, 11878330817.6, 1.376, 154
26208, P, 2019-05-07 18:48:37, 2019-05-07 19:25:23, 2206.0, 13027492.3, 11891358310.0, 1.377, 206
26210, P, 2019-05-07 19:36:59, 2019-05-07 21:05:34, 5315.0, 30544083.0, 11921902393.0, 1.381, 495
26211, P, 2019-05-07 21:06:24, 2019-05-07 22:34:42, 5298.0, 31087701.9, 11952990094.9, 1.384, 495
26212, P, 2019-05-07 22:35:38, 2019-05-07 22:47:46, 728.0, 4354509.2, 11957344604.1, 1.385, 68
26213, P, 2019-05-07 22:49:07, 2019-05-07 23:34:11, 2704.0, 15979402.9, 11973324007.0, 1.387, 254
26215, P, 2019-05-07 23:53:04, 2019-05-08 01:21:39, 5315.0, 27833494.0, 12001157501.0, 1.390, 495
26216, P, 2019-05-08 01:22:29, 2019-05-08 02:50:27, 5278.0, 30893260.4, 12032050761.5, 1.393, 495
26217, P, 2019-05-08 02:51:06, 2019-05-08 03:05:05, 839.0, 4970526.6, 12037021288.1, 1.394, 79
26218, P, 2019-05-08 03:15:36, 2019-05-08 04:43:36, 5280.0, 32255992.6, 12069277280.7, 1.398, 495
26264, P, 2019-05-08 09:28:15, 2019-05-08 10:48:16, 4801.0, 28277827.1, 12097555107.8, 1.401, 449
26281, P, 2019-05-08 16:52:53, 2019-05-08 17:02:19, 566.0, 3228235.1, 12100783342.9, 1.401, 52
26282, P, 2019-05-08 17:05:21, 2019-05-08 17:44:58, 2377.0, 13960480.1, 12114743823.0, 1.403, 222
26291, P, 2019-05-08 19:28:28, 2019-05-08 19:59:32, 1864.0, 8986844.3, 12123730667.3, 1.404, 169
26294, P, 2019-05-08 20:26:14, 2019-05-08 21:56:18, 5404.0, 27248897.5, 12150979564.8, 1.407, 494
26296, P, 2019-05-08 22:05:25, 2019-05-08 23:35:09, 5384.0, 31995520.2, 12182975085.0, 1.411, 494
26297, P, 2019-05-08 23:36:00, 2019-05-09 01:04:50, 5330.0, 29364757.9, 12212339843.0, 1.414, 494
26298, P, 2019-05-09 01:05:40, 2019-05-09 02:34:10, 5310.0, 32050399.4, 12244390242.4, 1.418, 494
26299, P, 2019-05-09 02:35:00, 2019-05-09 04:04:23, 5363.0, 30888424.9, 12275278667.3, 1.422, 494
26300, P, 2019-05-09 04:05:09, 2019-05-09 05:33:44, 5315.0, 31455008.9, 12306733676.2, 1.425, 494
26301, P, 2019-05-09 05:34:36, 2019-05-09 07:02:57, 5301.0, 31825322.7, 12338558998.9, 1.429, 493
26302, P, 2019-05-09 07:03:51, 2019-05-09 07:48:52, 2701.0, 14790869.5, 12353349868.4, 1.431, 239
26303, P, 2019-05-09 08:00:27, 2019-05-09 09:27:27, 5220.0, 31726437.7, 12385076306.1, 1.434, 488
26304, P, 2019-05-09 09:38:15, 2019-05-09 11:07:21, 5346.0, 31768760.4, 12416845066.5, 1.438, 493
26305, P, 2019-05-09 11:08:01, 2019-05-09 12:38:06, 5405.0, 32006600.8, 12448851667.3, 1.442, 493
26306, P, 2019-05-09 12:38:43, 2019-05-09 14:09:00, 5417.0, 29987186.4, 12478838853.7, 1.445, 493
26307, P, 2019-05-09 14:09:51, 2019-05-09 14:58:14, 2903.0, 17743820.5, 12496582674.2, 1.447, 270
26308, P, 2019-05-09 15:09:50, 2019-05-09 15:27:28, 1058.0, 6281828.8, 12502864503.0, 1.448, 100
26313, P, 2019-05-09 15:57:28, 2019-05-09 16:12:40, 912.0, 5154750.0, 12508019253.0, 1.449, 85
26314, P, 2019-05-09 16:22:13, 2019-05-09 16:36:01, 828.0, 5104320.4, 12513123573.4, 1.449, 77
26315, P, 2019-05-09 16:39:45, 2019-05-09 17:49:12, 4167.0, 24373599.8, 12537497173.2, 1.452, 386
26316, P, 2019-05-09 18:00:09, 2019-05-09 18:48:02, 2873.0, 16764850.3, 12554262023.5, 1.454, 269
26317, P, 2019-05-09 18:50:19, 2019-05-09 20:18:32, 5293.0, 31263289.2, 12585525312.7, 1.458, 495
26318, P, 2019-05-09 20:19:16, 2019-05-09 20:33:45, 869.0, 5173954.3, 12590699267.1, 1.458, 81
26319, P, 2019-05-09 20:36:11, 2019-05-09 21:08:40, 1949.0, 11590615.0, 12602289882.0, 1.459, 182
26320, P, 2019-05-09 21:12:27, 2019-05-09 22:40:30, 5283.0, 31547264.6, 12633837146.6, 1.463, 495
26321, P, 2019-05-09 22:41:03, 2019-05-10 00:10:16, 5353.0, 30414653.2, 12664251799.8, 1.467, 495
26322, P, 2019-05-10 00:10:50, 2019-05-10 01:39:29, 5319.0, 31956440.8, 12696208240.6, 1.470, 495
26323, P, 2019-05-10 01:40:16, 2019-05-10 02:09:19, 1743.0, 10676839.8, 12706885080.4, 1.472, 164
26327, P, 2019-05-10 02:34:52, 2019-05-10 02:47:26, 754.0, 4452044.3, 12711337124.8, 1.472, 71
26328, P, 2019-05-10 02:50:13, 2019-05-10 03:19:22, 1749.0, 10117201.9, 12721454326.6, 1.473, 165
26329, P, 2019-05-10 03:25:12, 2019-05-10 03:47:37, 1345.0, 8814292.5, 12730268619.2, 1.474, 127
26333, P, 2019-05-10 03:58:12, 2019-05-10 04:09:58, 706.0, 4314778.4, 12734583397.5, 1.475, 67
26339, P, 2019-05-10 04:40:59, 2019-05-10 06:12:31, 5492.0, 31601720.3, 12766185117.9, 1.478, 496
26340, P, 2019-05-10 06:13:22, 2019-05-10 07:43:50, 5428.0, 31583116.0, 12797768233.9, 1.482, 496
26341, P, 2019-05-10 07:44:40, 2019-05-10 08:04:49, 1209.0, 6916328.2, 12804684562.0, 1.483, 110
26344, S, 2019-05-10 09:20:45, 2019-05-10 09:29:49, 544.0, 3980659.5, 12808665221.5, 1.483, 54
26347, S, 2019-05-10 09:54:16, 2019-05-10 10:04:41, 625.0, 3716918.5, 12812382140.0, 1.484, 59
26348, S, 2019-05-10 10:07:19, 2019-05-10 10:18:24, 665.0, 3545960.5, 12815928100.5, 1.484, 57
26350, S, 2019-05-10 10:30:46, 2019-05-10 10:41:16, 630.0, 3473270.3, 12819401370.8, 1.485, 58
26351, S, 2019-05-10 10:43:37, 2019-05-10 10:54:09, 632.0, 3989111.7, 12823390482.5, 1.485, 59
26352, S, 2019-05-10 11:03:30, 2019-05-10 11:14:00, 630.0, 3613449.7, 12827003932.2, 1.486, 58
26353, S, 2019-05-10 11:20:55, 2019-05-10 11:31:26, 631.0, 3877458.3, 12830881390.5, 1.486, 58
26354, S, 2019-05-10 11:33:27, 2019-05-10 11:44:01, 634.0, 3898638.5, 12834780029.0, 1.486, 59
26357, S, 2019-05-10 12:04:15, 2019-05-10 12:14:37, 622.0, 3771157.0, 12838551186.0, 1.487, 58
26358, P, 2019-05-10 12:41:33, 2019-05-10 13:00:30, 1137.0, 3746705.0, 12842297891.0, 1.487, 95
26359, P, 2019-05-10 13:01:51, 2019-05-10 13:40:18, 2307.0, 7934804.2, 12850232695.3, 1.488, 201
26360, P, 2019-05-10 13:48:52, 2019-05-10 14:53:17, 3865.0, 3984547.2, 12854217242.5, 1.489, 313
26361, P, 2019-05-10 14:54:29, 2019-05-10 16:22:45, 5296.0, 30653082.5, 12884870324.9, 1.492, 494
26364, P, 2019-05-10 16:40:59, 2019-05-10 16:50:35, 576.0, 3110996.9, 12887981321.9, 1.493, 53
26366, P, 2019-05-10 16:58:06, 2019-05-10 18:26:58, 5332.0, 29615673.8, 12917596995.7, 1.496, 494
26367, P, 2019-05-10 18:27:41, 2019-05-10 19:13:18, 2737.0, 15813612.5, 12933410608.2, 1.498, 255
26368, P, 2019-05-10 19:16:03, 2019-05-10 20:42:05, 5162.0, 30536257.8, 12963946866.0, 1.501, 480
26370, P, 2019-05-10 21:22:07, 2019-05-10 22:51:16, 5349.0, 30938793.6, 12994885659.6, 1.505, 495
26373, P, 2019-05-11 00:24:02, 2019-05-11 00:34:55, 653.0, 2851528.5, 12997737188.1, 1.505, 57
26374, P, 2019-05-11 00:36:13, 2019-05-11 01:59:30, 4997.0, 29777012.6, 13027514200.7, 1.509, 467
26376, P, 2019-05-11 02:06:32, 2019-05-11 03:17:21, 4249.0, 25418659.2, 13052932859.9, 1.512, 397
26377, P, 2019-05-11 03:19:51, 2019-05-11 04:33:51, 4440.0, 27240899.6, 13080173759.5, 1.515, 416
26379, P, 2019-05-11 04:50:35, 2019-05-11 05:18:31, 1676.0, 10019203.1, 13090192962.7, 1.516, 158
26380, P, 2019-05-11 05:35:23, 2019-05-11 05:57:23, 1320.0, 7960034.2, 13098152996.9, 1.517, 123
26383, P, 2019-05-11 06:14:33, 2019-05-11 07:44:10, 5377.0, 29131289.7, 13127284286.6, 1.520, 495
26385, P, 2019-05-11 07:50:16, 2019-05-11 08:02:51, 755.0, 3999117.9, 13131283404.5, 1.521, 64
26473, I, 2019-05-20 10:59:01, 2019-05-20 12:31:23, 5542.0, 22987183.4, 13154270588.0, 1.523, 495
26474, I, 2019-05-20 12:32:13, 2019-05-20 13:59:22, 5229.0, 24518497.2, 13178789085.1, 1.526, 493
26475, I, 2019-05-20 14:00:16, 2019-05-20 15:26:00, 5144.0, 24775484.4, 13203564569.6, 1.529, 494
26477, P, 2019-05-20 15:55:32, 2019-05-20 16:21:17, 1545.0, 11209950.2, 13214774519.7, 1.530, 143
26478, P, 2019-05-20 16:22:25, 2019-05-20 17:49:55, 5250.0, 39041175.0, 13253815694.7, 1.535, 495
26482, P, 2019-05-20 18:02:24, 2019-05-20 18:56:07, 3223.0, 24728303.6, 13278543998.3, 1.538, 306
26483, P, 2019-05-20 19:14:34, 2019-05-20 19:34:28, 1194.0, 8400279.6, 13286944277.9, 1.539, 104
26486, P, 2019-05-20 19:49:02, 2019-05-20 21:18:05, 5343.0, 39001208.6, 13325945486.5, 1.543, 495
26487, P, 2019-05-20 21:18:45, 2019-05-20 22:41:54, 4989.0, 43877522.9, 13369823009.4, 1.548, 495
26488, P, 2019-05-20 22:42:43, 2019-05-20 23:21:51, 2348.0, 19803460.7, 13389626470.1, 1.551, 223
26491, P, 2019-05-20 23:33:38, 2019-05-21 01:02:34, 5336.0, 29699122.5, 13419325592.6, 1.554, 495
26492, P, 2019-05-21 01:03:17, 2019-05-21 02:30:27, 5230.0, 29446427.7, 13448772020.3, 1.558, 495
26493, P, 2019-05-21 02:31:06, 2019-05-21 04:03:17, 5531.0, 30554087.1, 13479326107.4, 1.561, 495
26494, P, 2019-05-21 04:04:03, 2019-05-21 04:46:07, 2524.0, 14786099.8, 13494112207.2, 1.563, 239
26496, P, 2019-05-21 04:53:27, 2019-05-21 06:20:45, 5238.0, 29978945.7, 13524091152.9, 1.566, 496
26497, P, 2019-05-21 06:21:34, 2019-05-21 07:51:41, 5407.0, 25303226.9, 13549394379.8, 1.569, 482
26498, P, 2019-05-21 07:57:40, 2019-05-21 09:19:49, 4929.0, 31946228.7, 13581340608.5, 1.573, 496
26499, P, 2019-05-21 09:20:30, 2019-05-21 10:52:51, 5541.0, 31808245.1, 13613148853.6, 1.577, 495
26500, P, 2019-05-21 10:53:46, 2019-05-21 12:23:25, 5379.0, 30516387.5, 13643665241.1, 1.580, 495
26501, P, 2019-05-21 12:24:10, 2019-05-21 13:51:34, 5244.0, 32109877.4, 13675775118.5, 1.584, 496
26503, P, 2019-05-21 15:27:30, 2019-05-21 15:56:40, 1750.0, 8361152.1, 13684136270.6, 1.585, 162
26504, P, 2019-05-21 15:58:17, 2019-05-21 17:30:16, 5519.0, 18952849.4, 13703089119.9, 1.587, 496
26505, P, 2019-05-21 17:30:59, 2019-05-21 17:56:06, 1507.0, 9590830.5, 13712679950.5, 1.588, 148
26506, P, 2019-05-21 17:57:24, 2019-05-21 19:21:49, 5065.0, 32017134.5, 13744697085.0, 1.592, 497
26507, P, 2019-05-21 19:22:37, 2019-05-21 20:49:05, 5188.0, 31029701.6, 13775726786.6, 1.595, 496
26508, P, 2019-05-21 20:50:11, 2019-05-21 22:16:44, 5193.0, 30610029.4, 13806336816.0, 1.599, 497
26509, P, 2019-05-21 22:17:31, 2019-05-21 23:19:40, 3729.0, 22514352.7, 13828851168.7, 1.602, 357
26510, P, 2019-05-21 23:27:49, 2019-05-22 00:54:50, 5221.0, 32802952.6, 13861654121.3, 1.605, 497
26511, P, 2019-05-22 00:55:40, 2019-05-22 02:22:25, 5205.0, 32103346.6, 13893757468.0, 1.609, 497
26512, P, 2019-05-22 02:23:09, 2019-05-22 03:49:56, 5207.0, 32751377.0, 13926508845.0, 1.613, 497
26514, P, 2019-05-22 04:08:14, 2019-05-22 05:28:10, 4796.0, 29196136.9, 13955704981.9, 1.616, 458
26517, P, 2019-05-22 05:39:01, 2019-05-22 07:08:34, 5373.0, 28726688.4, 13984431670.3, 1.620, 496
26518, P, 2019-05-22 07:09:22, 2019-05-22 08:36:03, 5201.0, 30680132.8, 14015111803.1, 1.623, 497
26519, P, 2019-05-22 08:36:54, 2019-05-22 10:03:27, 5193.0, 30218428.3, 14045330231.5, 1.627, 497
26521, P, 2019-05-22 10:06:11, 2019-05-22 11:33:23, 5232.0, 30536575.1, 14075866806.6, 1.630, 496
26522, P, 2019-05-22 11:34:13, 2019-05-22 12:12:30, 2297.0, 12531827.9, 14088398634.5, 1.632, 219
26524, P, 2019-05-22 12:20:29, 2019-05-22 13:53:09, 5560.0, 28441398.2, 14116840032.6, 1.635, 496
26525, P, 2019-05-22 13:54:09, 2019-05-22 15:23:00, 5331.0, 27859013.9, 14144699046.6, 1.638, 497
26526, P, 2019-05-22 15:23:47, 2019-05-22 16:00:37, 2210.0, 10504128.7, 14155203175.2, 1.639, 203
26563, P, 2019-05-22 20:26:11, 2019-05-22 21:53:59, 5268.0, 10919805.5, 14166122980.7, 1.641, 496
26565, P, 2019-05-22 21:57:51, 2019-05-22 23:27:03, 5352.0, 10326976.0, 14176449956.7, 1.642, 496
26566, P, 2019-05-22 23:27:50, 2019-05-23 00:58:48, 5458.0, 10593170.2, 14187043126.9, 1.643, 495
26567, P, 2019-05-23 00:59:27, 2019-05-23 02:05:59, 3992.0, 6165991.2, 14193209118.1, 1.644, 356
26569, P, 2019-05-23 02:37:56, 2019-05-23 04:05:40, 5264.0, 10490702.2, 14203699820.3, 1.645, 495
26570, P, 2019-05-23 04:06:23, 2019-05-23 05:34:22, 5279.0, 10417157.1, 14214116977.4, 1.646, 495
26571, P, 2019-05-23 05:35:09, 2019-05-23 07:02:45, 5256.0, 11130216.4, 14225247193.9, 1.647, 495
26573, P, 2019-05-23 07:11:29, 2019-05-23 08:39:14, 5265.0, 10587132.3, 14235834326.2, 1.649, 495
26574, P, 2019-05-23 08:40:09, 2019-05-23 10:08:35, 5306.0, 10099523.7, 14245933849.8, 1.650, 495
26575, P, 2019-05-23 10:09:24, 2019-05-23 11:43:41, 5657.0, 8767399.4, 14254701249.3, 1.651, 495
26576, P, 2019-05-23 11:44:28, 2019-05-23 13:12:27, 5279.0, 9698904.9, 14264400154.2, 1.652, 495
26577, P, 2019-05-23 13:13:04, 2019-05-23 13:51:45, 2321.0, 3625961.5, 14268026115.7, 1.652, 217
26579, P, 2019-05-23 13:58:59, 2019-05-23 14:38:46, 2387.0, 9373075.1, 14277399190.9, 1.653, 226
26580, S, 2019-05-23 14:51:13, 2019-05-23 16:19:20, 5287.0, 30402600.8, 14307801791.7, 1.657, 495
26581, S, 2019-05-23 16:20:08, 2019-05-23 17:47:52, 5264.0, 31485710.2, 14339287501.9, 1.661, 495
26582, S, 2019-05-23 17:48:42, 2019-05-23 19:19:54, 5472.0, 27708685.7, 14366996187.6, 1.664, 495
26583, S, 2019-05-23 19:20:42, 2019-05-23 20:11:56, 3074.0, 16527840.1, 14383524027.6, 1.666, 281
26585, P, 2019-05-23 20:45:21, 2019-05-23 21:09:18, 1437.0, 8507422.5, 14392031450.1, 1.667, 136
26586, P, 2019-05-23 21:19:10, 2019-05-23 22:48:08, 5338.0, 31406237.8, 14423437687.9, 1.670, 495
26587, P, 2019-05-23 22:48:57, 2019-05-24 00:16:40, 5263.0, 30754300.5, 14454191988.4, 1.674, 495
26588, P, 2019-05-24 00:17:31, 2019-05-24 01:47:35, 5404.0, 28982225.9, 14483174214.2, 1.677, 495
26589, P, 2019-05-24 01:48:23, 2019-05-24 03:17:03, 5320.0, 30398785.0, 14513572999.2, 1.681, 495
26590, P, 2019-05-24 03:17:54, 2019-05-24 04:45:38, 5264.0, 28912572.1, 14542485571.3, 1.684, 495
26591, P, 2019-05-24 04:46:33, 2019-05-24 06:14:15, 5262.0, 30473253.5, 14572958824.8, 1.688, 496
26592, P, 2019-05-24 06:15:25, 2019-05-24 07:42:59, 5254.0, 29721417.8, 14602680242.6, 1.691, 495
26593, P, 2019-05-24 07:44:04, 2019-05-24 09:11:49, 5265.0, 30800905.8, 14633481148.5, 1.695, 495
26594, P, 2019-05-24 09:12:39, 2019-05-24 10:40:05, 5246.0, 30424286.0, 14663905434.5, 1.698, 495
26595, P, 2019-05-24 10:41:11, 2019-05-24 11:07:07, 1556.0, 9014773.4, 14672920207.9, 1.699, 146
26599, S, 2019-05-24 12:27:09, 2019-05-24 13:52:52, 5143.0, 22880129.0, 14695800336.9, 1.702, 473
26601, S, 2019-05-24 14:09:28, 2019-05-24 15:32:26, 4978.0, 34621948.5, 14730422285.4, 1.706, 495
26602, P, 2019-05-24 15:33:08, 2019-05-24 16:16:30, 2602.0, 18409747.2, 14748832032.5, 1.708, 262
26604, P, 2019-05-24 16:23:43, 2019-05-24 17:51:31, 5268.0, 31518589.8, 14780350622.3, 1.712, 495
26607, P, 2019-05-24 18:15:35, 2019-05-24 19:43:32, 5277.0, 30351230.7, 14810701853.0, 1.715, 495
26608, P, 2019-05-24 19:44:10, 2019-05-24 21:21:24, 5834.0, 16970963.2, 14827672816.2, 1.717, 494
26609, P, 2019-05-24 21:22:12, 2019-05-24 22:51:50, 5378.0, 24174680.5, 14851847496.7, 1.720, 495
26610, P, 2019-05-24 22:52:56, 2019-05-25 00:21:03, 5287.0, 31015596.7, 14882863093.4, 1.724, 494
26611, P, 2019-05-25 00:22:10, 2019-05-25 01:21:57, 3587.0, 9509756.0, 14892372849.4, 1.725, 302
26613, P, 2019-05-25 02:12:01, 2019-05-25 03:41:54, 5393.0, 27123127.1, 14919495976.5, 1.728, 495
26615, P, 2019-05-25 03:45:21, 2019-05-25 04:07:04, 1303.0, 7574603.7, 14927070580.2, 1.729, 121
26616, P, 2019-05-25 04:08:00, 2019-05-25 04:28:40, 1240.0, 7337523.4, 14934408103.5, 1.730, 117
26622, P, 2019-05-25 04:44:08, 2019-05-25 06:12:09, 5281.0, 31746771.2, 14966154874.7, 1.733, 494
26624, P, 2019-05-25 06:34:23, 2019-05-25 08:02:41, 5298.0, 29196260.3, 14995351135.1, 1.737, 492
26654, S, 2019-06-03 08:36:18, 2019-06-03 10:02:40, 5182.0, 28959486.1, 15024310621.1, 1.740, 495
26656, S, 2019-06-03 10:16:50, 2019-06-03 11:39:07, 4937.0, 30049033.0, 15054359654.1, 1.743, 495
26658, S, 2019-06-03 11:52:44, 2019-06-03 12:36:09, 2605.0, 16662835.7, 15071022489.8, 1.745, 266
26659, S, 2019-06-03 12:39:23, 2019-06-03 14:01:38, 4935.0, 29994065.0, 15101016554.8, 1.749, 487
26672, S, 2019-06-03 23:35:06, 2019-06-04 00:59:44, 5078.0, 36488060.1, 15137504614.9, 1.753, 496
26673, S, 2019-06-04 01:00:33, 2019-06-04 01:35:37, 2104.0, 7856386.1, 15145361001.0, 1.754, 189
26674, S, 2019-06-04 01:52:28, 2019-06-04 03:24:17, 5509.0, 25750608.3, 15171111609.3, 1.757, 496
26675, P, 2019-06-04 03:25:10, 2019-06-04 05:00:16, 5706.0, 17614040.4, 15188725649.7, 1.759, 495
26676, P, 2019-06-04 05:00:54, 2019-06-04 05:17:08, 974.0, 5961423.1, 15194687072.8, 1.760, 92
26678, P, 2019-06-04 05:32:41, 2019-06-04 07:01:05, 5304.0, 28718455.9, 15223405528.6, 1.763, 495
26679, P, 2019-06-04 07:01:50, 2019-06-04 08:30:11, 5301.0, 29872630.1, 15253278158.8, 1.766, 495
26680, P, 2019-06-04 08:31:04, 2019-06-04 09:58:53, 5269.0, 31699535.1, 15284977693.8, 1.770, 496
26682, S, 2019-06-04 10:03:45, 2019-06-04 11:10:12, 3987.0, 23368754.2, 15308346448.0, 1.773, 372
26683, P, 2019-06-04 11:11:32, 2019-06-04 12:39:01, 5249.0, 31821505.7, 15340167953.7, 1.777, 496
26684, P, 2019-06-04 12:39:50, 2019-06-04 14:10:37, 5447.0, 26412131.2, 15366580085.0, 1.780, 495
26685, P, 2019-06-04 14:11:20, 2019-06-04 15:43:36, 5536.0, 22126578.2, 15388706663.1, 1.782, 495
26686, P, 2019-06-04 15:44:23, 2019-06-04 17:14:34, 5411.0, 28850041.2, 15417556704.3, 1.786, 495
26687, P, 2019-06-04 17:15:22, 2019-06-04 18:09:02, 3220.0, 5620977.4, 15423177681.7, 1.786, 265
26689, P, 2019-06-04 18:23:32, 2019-06-04 19:52:49, 5357.0, 30484067.0, 15453661748.7, 1.790, 495
26690, S, 2019-06-04 19:53:42, 2019-06-04 21:21:52, 5290.0, 32513413.8, 15486175162.5, 1.793, 494
26691, P, 2019-06-04 21:22:42, 2019-06-04 22:52:27, 5385.0, 29828958.6, 15516004121.1, 1.797, 495
26692, P, 2019-06-04 22:53:10, 2019-06-05 00:22:02, 5332.0, 30414066.4, 15546418187.5, 1.800, 495
26693, P, 2019-06-05 00:22:46, 2019-06-05 00:44:04, 1278.0, 7461352.2, 15553879539.7, 1.801, 120
26695, P, 2019-06-05 01:18:07, 2019-06-05 02:47:51, 5384.0, 28973182.9, 15582852722.5, 1.805, 495
26696, P, 2019-06-05 02:48:36, 2019-06-05 04:17:28, 5332.0, 29288883.1, 15612141605.6, 1.808, 495
26697, P, 2019-06-05 04:18:14, 2019-06-05 05:17:27, 3553.0, 20910741.3, 15633052346.9, 1.810, 334
26700, P, 2019-06-05 05:38:53, 2019-06-05 06:26:43, 2870.0, 16586813.8, 15649639160.7, 1.812, 265
26702, P, 2019-06-05 06:35:35, 2019-06-05 08:05:15, 5380.0, 30501722.9, 15680140883.6, 1.816, 495
26703, P, 2019-06-05 08:06:04, 2019-06-05 09:38:26, 5542.0, 23338142.4, 15703479026.0, 1.819, 495
26704, P, 2019-06-05 09:39:12, 2019-06-05 11:11:48, 5556.0, 23084556.9, 15726563582.9, 1.821, 495
26705, P, 2019-06-05 11:12:38, 2019-06-05 11:52:07, 2369.0, 13973418.5, 15740537001.4, 1.823, 222
26706, P, 2019-06-05 12:00:47, 2019-06-05 13:31:04, 5417.0, 27918435.8, 15768455437.2, 1.826, 495
26707, P, 2019-06-05 13:32:12, 2019-06-05 14:27:05, 3293.0, 19007692.5, 15787463129.7, 1.828, 307
26708, P, 2019-06-05 14:36:14, 2019-06-05 16:06:14, 5400.0, 28564705.1, 15816027834.8, 1.832, 494
26709, P, 2019-06-05 16:07:05, 2019-06-05 17:35:44, 5319.0, 30767366.7, 15846795201.5, 1.835, 494
26710, P, 2019-06-05 17:36:52, 2019-06-05 19:05:28, 5316.0, 30984566.0, 15877779767.5, 1.839, 493
26711, P, 2019-06-05 19:06:21, 2019-06-05 19:32:28, 1567.0, 9540255.3, 15887320022.7, 1.840, 146
26712, P, 2019-06-05 19:47:56, 2019-06-05 21:16:14, 5298.0, 31857353.7, 15919177376.4, 1.844, 494
26713, P, 2019-06-05 21:17:02, 2019-06-05 22:45:41, 5319.0, 31740938.0, 15950918314.4, 1.847, 494
26714, P, 2019-06-05 22:46:23, 2019-06-06 00:14:36, 5293.0, 30935997.2, 15981854311.6, 1.851, 494
26715, P, 2019-06-06 00:15:13, 2019-06-06 01:43:20, 5287.0, 29525020.2, 16011379331.8, 1.854, 495
26716, P, 2019-06-06 01:44:08, 2019-06-06 03:12:53, 5325.0, 28335883.1, 16039715215.0, 1.858, 495
26717, P, 2019-06-06 03:13:39, 2019-06-06 04:42:15, 5316.0, 30934861.8, 16070650076.7, 1.861, 495
26718, P, 2019-06-06 04:43:01, 2019-06-06 06:11:15, 5294.0, 30997788.1, 16101647864.8, 1.865, 495
26719, P, 2019-06-06 06:12:00, 2019-06-06 07:40:09, 5289.0, 30853812.3, 16132501677.1, 1.868, 495
26755, P, 2019-06-06 12:35:53, 2019-06-06 14:03:51, 5278.0, 32460714.0, 16164962391.1, 1.872, 495
26757, P, 2019-06-06 14:07:43, 2019-06-06 15:35:46, 5283.0, 32288464.5, 16197250855.7, 1.876, 495
26758, P, 2019-06-06 15:36:27, 2019-06-06 17:04:44, 5297.0, 31637918.8, 16228888774.5, 1.879, 494
26759, P, 2019-06-06 17:05:35, 2019-06-06 18:34:46, 5351.0, 32997731.2, 16261886505.7, 1.883, 494
26760, P, 2019-06-06 18:35:37, 2019-06-06 20:05:03, 5366.0, 26802885.6, 16288689391.3, 1.886, 494
26761, P, 2019-06-06 20:06:08, 2019-06-06 21:34:27, 5299.0, 33369554.7, 16322058946.0, 1.890, 494
26762, P, 2019-06-06 21:35:20, 2019-06-06 23:03:36, 5296.0, 31847635.1, 16353906581.1, 1.894, 494
26763, P, 2019-06-06 23:04:24, 2019-06-07 00:32:38, 5294.0, 31294156.7, 16385200737.8, 1.898, 494
26764, P, 2019-06-07 00:33:23, 2019-06-07 00:47:47, 864.0, 5294522.0, 16390495259.8, 1.898, 81
26765, P, 2019-06-07 01:09:24, 2019-06-07 02:38:09, 5325.0, 30920181.4, 16421415441.2, 1.902, 494
26766, P, 2019-06-07 02:38:54, 2019-06-07 03:20:41, 2507.0, 14477222.8, 16435892664.0, 1.903, 234
26768, P, 2019-06-07 03:49:47, 2019-06-07 05:08:50, 4743.0, 28297752.0, 16464190416.0, 1.907, 443
26769, P, 2019-06-07 05:22:18, 2019-06-07 05:32:00, 582.0, 2011871.0, 16466202287.0, 1.907, 52
26770, P, 2019-06-07 05:42:00, 2019-06-07 07:04:34, 4954.0, 33565681.0, 16499767968.0, 1.911, 495
26771, P, 2019-06-07 07:05:31, 2019-06-07 08:25:26, 4795.0, 35807604.8, 16535575572.8, 1.915, 494
26772, P, 2019-06-07 08:26:13, 2019-06-07 09:48:03, 4910.0, 31521335.3, 16567096908.1, 1.919, 495
26773, P, 2019-06-07 09:48:48, 2019-06-07 11:08:56, 4808.0, 36119373.7, 16603216281.9, 1.923, 494
26774, P, 2019-06-07 11:09:41, 2019-06-07 12:01:51, 3130.0, 21327843.2, 16624544125.1, 1.925, 305
26775, S, 2019-06-07 12:02:42, 2019-06-07 12:41:27, 2325.0, 5518894.9, 16630063020.0, 1.926, 199
26777, S, 2019-06-07 12:49:07, 2019-06-07 14:22:35, 5608.0, 23286597.4, 16653349617.3, 1.929, 496
26778, S, 2019-06-07 14:23:16, 2019-06-07 15:27:34, 3858.0, 9584601.2, 16662934218.5, 1.930, 326
26783, P, 2019-06-07 16:38:40, 2019-06-07 18:07:49, 5349.0, 32500745.3, 16695434963.8, 1.934, 494
26784, P, 2019-06-07 18:08:29, 2019-06-07 18:42:49, 2060.0, 12325365.8, 16707760329.6, 1.935, 191
26792, P, 2019-06-07 19:28:32, 2019-06-07 20:57:05, 5313.0, 32111672.9, 16739872002.4, 1.939, 494
26793, P, 2019-06-07 20:57:59, 2019-06-07 22:26:27, 5308.0, 32677916.7, 16772549919.2, 1.942, 494
26794, P, 2019-06-07 22:27:15, 2019-06-07 22:50:18, 1383.0, 8476665.9, 16781026585.1, 1.943, 129
26797, P, 2019-06-07 23:17:39, 2019-06-08 00:46:15, 5316.0, 32413440.7, 16813440025.8, 1.947, 494
26798, P, 2019-06-08 00:47:04, 2019-06-08 02:15:34, 5310.0, 32509192.8, 16845949218.6, 1.951, 493
26799, P, 2019-06-08 02:16:21, 2019-06-08 03:44:24, 5283.0, 17045270.0, 16862994488.6, 1.953, 473
26802, P, 2019-06-08 04:23:29, 2019-06-08 05:51:39, 5290.0, 32241803.9, 16895236292.5, 1.957, 494
26803, P, 2019-06-08 05:52:18, 2019-06-08 07:23:42, 5484.0, 23765180.7, 16919001473.2, 1.959, 495
26804, P, 2019-06-08 07:24:31, 2019-06-08 08:01:13, 2202.0, 12057444.8, 16931058918.0, 1.961, 205
26995, P, 2019-06-17 11:29:56, 2019-06-17 11:58:33, 1717.0, 7442793.8, 16938501711.8, 1.962, 150
26996, P, 2019-06-17 12:00:03, 2019-06-17 13:31:13, 5470.0, 28377951.3, 16966879663.0, 1.965, 495
26999, P, 2019-06-17 13:44:53, 2019-06-17 13:58:13, 800.0, 2293155.3, 16969172818.3, 1.965, 66
27013, P, 2019-06-17 22:22:10, 2019-06-17 23:42:27, 4817.0, 25947194.6, 16995120012.9, 1.968, 433
27018, P, 2019-06-18 02:28:08, 2019-06-18 03:44:04, 4556.0, 25184698.8, 17020304711.7, 1.971, 409
27019, P, 2019-06-18 03:46:56, 2019-06-18 05:15:50, 5334.0, 30341237.7, 17050645949.4, 1.975, 495
27021, P, 2019-06-18 05:21:27, 2019-06-18 05:40:20, 1133.0, 6286744.2, 17056932693.7, 1.975, 107
27022, P, 2019-06-18 05:42:51, 2019-06-18 06:25:53, 2582.0, 14435048.2, 17071367741.8, 1.977, 236
27024, P, 2019-06-18 06:33:54, 2019-06-18 08:01:46, 5272.0, 30022552.4, 17101390294.2, 1.981, 495
27026, P, 2019-06-18 08:08:47, 2019-06-18 09:36:51, 5284.0, 30104363.1, 17131494657.4, 1.984, 495
27028, P, 2019-06-18 09:45:13, 2019-06-18 10:52:18, 4025.0, 23245335.2, 17154739992.6, 1.987, 374
27029, P, 2019-06-18 10:53:17, 2019-06-18 11:16:54, 1417.0, 8647138.2, 17163387130.8, 1.988, 133
27030, P, 2019-06-18 11:21:00, 2019-06-18 12:49:39, 5319.0, 30533424.0, 17193920554.8, 1.991, 495
27032, P, 2019-06-18 12:55:43, 2019-06-18 14:24:31, 5328.0, 29338980.0, 17223259534.8, 1.995, 495
27034, P, 2019-06-18 14:30:36, 2019-06-18 14:46:37, 961.0, 5686268.8, 17228945803.6, 1.995, 90
27036, P, 2019-06-18 14:58:55, 2019-06-18 16:27:56, 5341.0, 31904524.0, 17260850327.6, 1.999, 494
27039, P, 2019-06-18 16:36:32, 2019-06-18 17:53:49, 4637.0, 26017035.6, 17286867363.2, 2.002, 425
27041, P, 2019-06-18 17:59:41, 2019-06-18 19:27:51, 5290.0, 32453163.2, 17319320526.4, 2.006, 494
27042, P, 2019-06-18 19:28:40, 2019-06-18 21:04:42, 5762.0, 19517602.6, 17338838129.0, 2.008, 494
27043, P, 2019-06-18 21:05:31, 2019-06-18 22:14:45, 4154.0, 2504379.0, 17341342508.0, 2.008, 346
27088, S, 2019-06-19 16:53:52, 2019-06-19 18:23:42, 5390.0, 32667026.2, 17374009534.2, 2.012, 494
27089, S, 2019-06-19 18:24:42, 2019-06-19 19:53:02, 5300.0, 33922692.3, 17407932226.5, 2.016, 495
27090, S, 2019-06-19 19:53:49, 2019-06-19 20:40:02, 2773.0, 17844202.4, 17425776428.8, 2.018, 258
27092, S, 2019-06-19 20:56:06, 2019-06-19 22:24:46, 5320.0, 34793795.3, 17460570224.1, 2.022, 495
27093, S, 2019-06-19 22:25:35, 2019-06-19 23:53:38, 5283.0, 34551306.1, 17495121530.2, 2.026, 495
27094, S, 2019-06-19 23:54:22, 2019-06-20 01:22:24, 5282.0, 34067215.6, 17529188745.8, 2.030, 492
27096, S, 2019-06-20 01:25:33, 2019-06-20 02:53:49, 5296.0, 34933006.1, 17564121751.9, 2.034, 495
27097, S, 2019-06-20 02:54:45, 2019-06-20 04:23:04, 5299.0, 34719492.0, 17598841243.9, 2.038, 495
27098, S, 2019-06-20 04:24:01, 2019-06-20 05:52:40, 5319.0, 33773293.1, 17632614537.0, 2.042, 495
27099, S, 2019-06-20 05:53:27, 2019-06-20 07:21:41, 5294.0, 34404910.2, 17667019447.2, 2.046, 495
27100, S, 2019-06-20 07:22:38, 2019-06-20 08:39:40, 4622.0, 30197393.2, 17697216840.4, 2.050, 433
27101, S, 2019-06-20 08:41:59, 2019-06-20 10:11:58, 5399.0, 32555488.2, 17729772328.6, 2.053, 495
27102, S, 2019-06-20 10:12:45, 2019-06-20 11:44:52, 5527.0, 32572960.7, 17762345289.4, 2.057, 495
27103, S, 2019-06-20 11:45:38, 2019-06-20 11:59:10, 812.0, 5607199.2, 17767952488.5, 2.058, 74
27106, S, 2019-06-20 12:42:42, 2019-06-20 12:54:27, 705.0, 536909.3, 17768489397.8, 2.058, 67
27166, P, 2019-06-21 01:11:59, 2019-06-21 02:24:20, 4341.0, 25985583.6, 17794474981.4, 2.061, 385
27170, P, 2019-06-21 06:27:46, 2019-06-21 07:51:07, 5001.0, 36732528.5, 17831207509.8, 2.065, 495
27171, P, 2019-06-21 07:51:58, 2019-06-21 08:05:26, 808.0, 5246827.2, 17836454337.0, 2.066, 75
27172, P, 2019-06-21 08:07:19, 2019-06-21 09:42:12, 5693.0, 22247415.5, 17858701752.5, 2.068, 495
27173, S, 2019-06-21 09:42:59, 2019-06-21 11:15:37, 5558.0, 25022585.9, 17883724338.4, 2.071, 496
27174, S, 2019-06-21 11:16:46, 2019-06-21 12:51:04, 5658.0, 21222593.5, 17904946931.9, 2.074, 496
27175, S, 2019-06-21 12:51:55, 2019-06-21 14:34:14, 6139.0, 8008259.9, 17912955191.7, 2.075, 496
27176, S, 2019-06-21 14:35:08, 2019-06-21 15:25:09, 3001.0, 16664537.7, 17929619729.4, 2.076, 272
27178, S, 2019-06-21 15:37:36, 2019-06-21 15:52:21, 885.0, 5858924.5, 17935478653.9, 2.077, 83
27179, S, 2019-06-21 15:54:23, 2019-06-21 16:09:36, 913.0, 6111478.2, 17941590132.1, 2.078, 86
27180, S, 2019-06-21 16:11:47, 2019-06-21 16:26:53, 906.0, 6097910.2, 17947688042.3, 2.079, 85
27181, S, 2019-06-21 16:29:12, 2019-06-21 16:44:19, 907.0, 5898186.1, 17953586228.4, 2.079, 85
27182, S, 2019-06-21 16:46:18, 2019-06-21 17:02:08, 950.0, 5463160.0, 17959049388.4, 2.080, 88
27183, S, 2019-06-21 17:06:34, 2019-06-21 17:22:04, 930.0, 5808068.4, 17964857456.9, 2.081, 87
27184, S, 2019-06-21 17:25:28, 2019-06-21 17:40:25, 897.0, 5716202.3, 17970573659.2, 2.081, 84
27186, S, 2019-06-21 18:03:44, 2019-06-21 18:18:44, 900.0, 5749649.2, 17976323308.4, 2.082, 84
27187, S, 2019-06-21 18:21:39, 2019-06-21 18:36:31, 892.0, 5750531.6, 17982073840.0, 2.083, 84
27188, P, 2019-06-21 18:42:11, 2019-06-21 20:11:07, 5336.0, 32580152.1, 18014653992.1, 2.086, 495
27189, P, 2019-06-21 20:11:55, 2019-06-21 21:40:03, 5288.0, 33515636.5, 18048169628.7, 2.090, 494
27190, P, 2019-06-21 21:40:51, 2019-06-21 23:09:09, 5298.0, 34438891.7, 18082608520.3, 2.094, 495
27191, P, 2019-06-21 23:09:53, 2019-06-22 00:21:31, 4298.0, 27275327.6, 18109883847.9, 2.097, 402
27192, P, 2019-06-22 00:23:55, 2019-06-22 01:55:08, 5473.0, 33823741.2, 18143707589.1, 2.101, 495
27193, P, 2019-06-22 01:56:03, 2019-06-22 03:23:48, 5265.0, 34887562.3, 18178595151.4, 2.105, 495
27194, P, 2019-06-22 03:24:29, 2019-06-22 04:52:53, 5304.0, 33486266.2, 18212081417.6, 2.109, 495
27195, P, 2019-06-22 04:53:40, 2019-06-22 06:22:13, 5313.0, 33945729.7, 18246027147.3, 2.113, 495
27197, P, 2019-06-22 06:32:33, 2019-06-22 08:00:39, 5286.0, 33340743.3, 18279367890.6, 2.117, 495
27198, P, 2019-06-22 08:01:54, 2019-06-22 08:50:05, 2891.0, 18020612.7, 18297388503.3, 2.119, 272
27201, P, 2019-06-22 09:13:40, 2019-06-22 09:57:20, 2620.0, 16648326.1, 18314036829.4, 2.121, 247
27203, P, 2019-06-22 10:10:51, 2019-06-22 11:40:06, 5355.0, 33228425.2, 18347265254.6, 2.125, 494
27204, P, 2019-06-22 11:41:04, 2019-06-22 13:10:58, 5394.0, 33610833.2, 18380876087.8, 2.129, 494
27205, P, 2019-06-22 13:12:12, 2019-06-22 14:41:32, 5360.0, 34390742.6, 18415266830.4, 2.133, 494
27206, P, 2019-06-22 14:42:19, 2019-06-22 15:23:44, 2485.0, 15922893.8, 18431189724.2, 2.135, 232
27211, P, 2019-06-22 16:03:31, 2019-06-22 17:32:16, 5325.0, 35344194.5, 18466533918.7, 2.139, 494
27212, P, 2019-06-22 17:33:12, 2019-06-22 19:03:06, 5394.0, 32419607.8, 18498953526.5, 2.142, 494
27213, P, 2019-06-22 19:04:25, 2019-06-22 19:42:27, 2282.0, 14194216.5, 18513147743.0, 2.144, 206
27215, P, 2019-06-22 19:47:45, 2019-06-22 20:02:16, 871.0, 5401208.7, 18518548951.7, 2.145, 79
27415, P, 2019-07-01 15:39:40, 2019-07-01 17:20:20, 6040.0, 25397868.9, 18543946820.6, 2.148, 473
27416, S, 2019-07-01 17:22:40, 2019-07-01 17:53:16, 1836.0, 9523959.6, 18553470780.2, 2.149, 146
27417, S, 2019-07-01 17:54:59, 2019-07-01 18:24:51, 1792.0, 10258338.6, 18563729118.8, 2.150, 159
27418, S, 2019-07-01 18:38:06, 2019-07-01 19:38:17, 3611.0, 14789156.2, 18578518274.9, 2.152, 296
27420, S, 2019-07-01 20:04:15, 2019-07-01 20:25:18, 1263.0, 8096850.8, 18586615125.7, 2.153, 112
27421, S, 2019-07-01 20:27:58, 2019-07-01 20:48:33, 1235.0, 8320848.3, 18594935974.0, 2.153, 109
27422, S, 2019-07-01 20:53:57, 2019-07-01 21:15:15, 1278.0, 7209066.5, 18602145040.5, 2.154, 113
27423, S, 2019-07-01 21:21:25, 2019-07-01 21:41:29, 1204.0, 6400508.6, 18608545549.1, 2.155, 108
27424, S, 2019-07-01 21:43:48, 2019-07-01 22:02:57, 1149.0, 6419551.1, 18614965100.2, 2.156, 103
27426, S, 2019-07-01 22:07:47, 2019-07-01 22:27:11, 1164.0, 6501788.8, 18621466889.0, 2.157, 104
27427, S, 2019-07-01 22:29:36, 2019-07-01 22:49:06, 1170.0, 6589616.2, 18628056505.2, 2.157, 105
27428, S, 2019-07-01 22:51:37, 2019-07-01 23:10:53, 1156.0, 6604372.6, 18634660877.8, 2.158, 103
27429, S, 2019-07-01 23:13:06, 2019-07-01 23:32:20, 1154.0, 7026518.7, 18641687396.5, 2.159, 103
27430, S, 2019-07-01 23:34:37, 2019-07-01 23:53:58, 1161.0, 7147788.6, 18648835185.2, 2.160, 104
27431, S, 2019-07-01 23:56:35, 2019-07-02 00:16:08, 1173.0, 6144320.0, 18654979505.2, 2.160, 105
27432, S, 2019-07-02 00:19:32, 2019-07-02 00:41:25, 1313.0, 6629807.9, 18661609313.1, 2.161, 107
27433, S, 2019-07-02 00:52:37, 2019-07-02 01:12:12, 1175.0, 1675949.9, 18663285263.0, 2.161, 98
27434, S, 2019-07-02 01:13:36, 2019-07-02 01:34:26, 1250.0, 6759569.4, 18670044832.3, 2.162, 110
27435, S, 2019-07-02 01:36:23, 2019-07-02 03:10:31, 5648.0, 31800169.3, 18701845001.7, 2.166, 496
27436, P, 2019-07-02 03:11:18, 2019-07-02 04:45:18, 5640.0, 30263426.2, 18732108427.9, 2.169, 497
27437, P, 2019-07-02 04:45:57, 2019-07-02 06:08:24, 4947.0, 31204737.5, 18763313165.4, 2.173, 439
27439, P, 2019-07-02 06:30:42, 2019-07-02 08:03:40, 5578.0, 34305523.5, 18797618688.9, 2.177, 497
27440, P, 2019-07-02 08:04:23, 2019-07-02 08:51:50, 2847.0, 16578063.0, 18814196751.9, 2.179, 252
27442, S, 2019-07-02 09:45:56, 2019-07-02 11:23:26, 5850.0, 19225807.5, 18833422559.4, 2.181, 495
27443, S, 2019-07-02 11:24:17, 2019-07-02 11:37:46, 809.0, 3104263.6, 18836526823.0, 2.181, 69
27444, S, 2019-07-02 11:38:53, 2019-07-02 11:58:39, 1186.0, 3795195.5, 18840322018.5, 2.182, 99
27447, S, 2019-07-02 12:17:22, 2019-07-02 12:51:08, 2026.0, 6789686.4, 18847111704.9, 2.183, 172
27449, S, 2019-07-02 13:15:36, 2019-07-02 13:42:23, 1607.0, 4611658.5, 18851723363.4, 2.183, 131
27450, S, 2019-07-02 13:43:49, 2019-07-02 13:55:39, 710.0, 2336757.5, 18854060120.9, 2.183, 55
27451, S, 2019-07-02 13:57:05, 2019-07-02 14:08:46, 701.0, 4573584.0, 18858633704.9, 2.184, 63
27453, S, 2019-07-02 14:51:10, 2019-07-02 15:10:13, 1143.0, 6654168.3, 18865287873.2, 2.185, 100
27454, S, 2019-07-02 15:11:17, 2019-07-02 15:26:02, 885.0, 5831343.0, 18871119216.2, 2.185, 79
27455, S, 2019-07-02 15:27:21, 2019-07-02 16:04:47, 2246.0, 11928540.0, 18883047756.2, 2.187, 192
27456, S, 2019-07-02 17:21:24, 2019-07-02 17:58:15, 2211.0, 6534728.6, 18889582484.8, 2.188, 179
27458, S, 2019-07-02 18:23:24, 2019-07-02 18:42:31, 1147.0, 8203299.0, 18897785783.8, 2.189, 102
27459, S, 2019-07-02 18:44:07, 2019-07-02 19:03:17, 1150.0, 7657306.6, 18905443090.4, 2.189, 103
27460, S, 2019-07-02 19:04:47, 2019-07-02 19:24:52, 1205.0, 8342474.6, 18913785565.0, 2.190, 107
27461, S, 2019-07-02 19:26:10, 2019-07-02 19:45:34, 1164.0, 8965013.8, 18922750578.7, 2.191, 105
27462, S, 2019-07-02 19:47:00, 2019-07-02 20:06:34, 1174.0, 7511067.5, 18930261646.2, 2.192, 105
27463, S, 2019-07-02 20:17:51, 2019-07-02 20:36:58, 1147.0, 7992437.8, 18938254084.0, 2.193, 100
27464, S, 2019-07-02 20:42:14, 2019-07-02 21:01:22, 1148.0, 8369274.4, 18946623358.4, 2.194, 103
27465, S, 2019-07-02 21:03:48, 2019-07-02 21:22:43, 1135.0, 7993153.5, 18954616511.9, 2.195, 102
27466, S, 2019-07-02 21:25:38, 2019-07-02 21:44:55, 1157.0, 9162445.7, 18963778957.5, 2.196, 104
27467, S, 2019-07-02 21:47:24, 2019-07-02 22:06:17, 1133.0, 8141578.9, 18971920536.5, 2.197, 101
27468, S, 2019-07-02 22:08:43, 2019-07-02 22:37:52, 1749.0, 6130991.3, 18978051527.8, 2.198, 134
27487, S, 2019-07-03 11:15:59, 2019-07-03 11:36:38, 1239.0, 8680086.6, 18986731614.4, 2.199, 110
27488, S, 2019-07-03 11:43:20, 2019-07-03 12:59:41, 4581.0, 19764376.8, 19006495991.2, 2.201, 359
27489, S, 2019-07-03 13:01:22, 2019-07-03 13:19:25, 1083.0, 7907818.7, 19014403809.8, 2.202, 96
27491, S, 2019-07-03 13:40:54, 2019-07-03 13:59:50, 1136.0, 5833850.1, 19020237660.0, 2.203, 93
27495, S, 2019-07-03 14:23:37, 2019-07-03 14:43:32, 1195.0, 8012972.9, 19028250632.9, 2.204, 107
27510, S, 2019-07-04 09:26:56, 2019-07-04 10:24:48, 3472.0, 4722469.6, 19032973102.5, 2.204, 113
27516, S, 2019-07-04 12:19:55, 2019-07-04 16:59:46, 16791.0, 23706024.2, 19056679126.7, 2.207, 496
27518, S, 2019-07-04 21:35:08, 2019-07-05 01:06:20, 12672.0, 19125220.6, 19075804347.4, 2.209, 386
27520, S, 2019-07-05 01:54:44, 2019-07-05 06:26:44, 16320.0, 23419611.5, 19099223958.9, 2.212, 495
27522, S, 2019-07-05 06:48:53, 2019-07-05 11:22:59, 16446.0, 19761460.1, 19118985419.0, 2.214, 496
27523, S, 2019-07-05 11:23:39, 2019-07-05 15:52:46, 16147.0, 12885154.6, 19131870573.6, 2.216, 469
27525, S, 2019-07-05 16:10:46, 2019-07-05 17:02:10, 3084.0, 3075578.1, 19134946151.6, 2.216, 109
27528, S, 2019-07-05 18:30:44, 2019-07-05 19:30:15, 3571.0, 3366892.0, 19138313043.6, 2.216, 96
27529, S, 2019-07-05 19:31:43, 2019-07-05 20:31:12, 3569.0, 3156185.0, 19141469228.6, 2.217, 102
27530, S, 2019-07-05 20:32:33, 2019-07-05 21:35:48, 3795.0, 3418548.5, 19144887777.2, 2.217, 115
27531, S, 2019-07-05 21:41:04, 2019-07-05 22:02:59, 1315.0, 857594.6, 19145745371.8, 2.217, 97
27533, S, 2019-07-05 22:22:31, 2019-07-05 23:24:01, 3690.0, 3633684.0, 19149379055.8, 2.218, 116
27537, S, 2019-07-06 00:26:04, 2019-07-06 01:27:09, 3665.0, 4616411.0, 19153995466.8, 2.218, 114
27538, S, 2019-07-06 01:32:38, 2019-07-06 02:27:08, 3270.0, 3175405.4, 19157170872.3, 2.219, 99
27540, S, 2019-07-06 02:42:30, 2019-07-06 04:04:39, 4929.0, 3636492.0, 19160807364.3, 2.219, 152
27542, S, 2019-07-06 05:59:26, 2019-07-06 07:00:21, 3655.0, 5698387.4, 19166505751.7, 2.220, 181
27543, S, 2019-07-06 07:05:10, 2019-07-06 08:02:55, 3465.0, 4829589.7, 19171335341.4, 2.220, 168